State,Year,Literacy_Rate,Employment_Rate,Unemployment_Rate,Average_Income,PM2_5_Level,Green_Cover_Percentage,Total_Crime_Cases,Health_Spending_Crore,Education_Spending_Crore
Maharashtra,2010,69.77024109059869,81.41690606888096,17.66,19408,119.1085727527123,10.41,150769,69735,77955
Maharashtra,2011,70.77363701555365,79.5452445699038,19.99,20603,110.6577139564264,22.35,235305,38693,86932
Maharashtra,2012,71.50333734479457,83.62173537245496,15.63,21265,94.56017847989419,17.33,215725,45773,82435
Maharashtra,2013,72.52464779522283,88.56498803279655,11.11,21006,88.09599358863007,22.15,377348,20627,23792
Maharashtra,2014,74.76107949551876,92.08828101510481,7.87,22261,102.9708417288158,18.8,274358,58555,32159
Maharashtra,2015,72.30435494379482,92.91517739015073,6.36,22814,97.88489547562568,23.25,169457,76557,67995
Maharashtra,2016,73.05644095984157,94.07907009343735,5.46,25664,112.8003635825733,11.77,241387,11016,70591
Maharashtra,2017,77.07335684321666,90.70802131395925,8.79,25553,105.08164730689336,21.74,344776,49099,23571
Maharashtra,2018,75.51325448325417,84.54363366469947,15.56,24334,102.0880224684052,17.9,283767,58190,20258
Maharashtra,2019,74.71153216450638,90.70467216851813,9.33,28886,99.62891894515789,22.12,284633,36854,79505
Maharashtra,2020,75.35433665443645,92.58913122333138,7.05,28771,94.78164375971767,16.22,360647,73335,25965
Maharashtra,2021,81.50333059383632,87.16841043606969,12.92,25829,98.98981911933913,24.26,334064,16910,15206
Maharashtra,2022,78.96437241146741,80.10665995770637,19.62,26314,107.11720857747899,16.29,260687,28141,86910
Maharashtra,2023,80.23922593130365,91.19417244483697,8.67,27990,95.42232598262437,11.54,225450,32299,58585
Maharashtra,2024,82.57554953400995,85.26672604514927,15.57,27442,91.26433637212955,18.33,324013,31834,33047
Tamil Nadu,2010,80.21321827407807,84.09023052589518,16.58,18753,69.00391553652382,26.36,205016,19474,73053
Tamil Nadu,2011,80.36007192951004,85.61020938153621,13.74,19408,72.80629632728524,28.86,243557,71087,83840
Tamil Nadu,2012,82.1231267830136,81.38486620893958,19.03,20108,60.01955497150738,14.94,215318,33664,82172
Tamil Nadu,2013,82.60274209057054,80.95569827724579,19.45,21533,67.42771260349394,15.57,157392,65680,61717
Tamil Nadu,2014,83.67162736165274,86.7658683556237,12.66,23512,70.08968959215713,14.84,220467,62662,27688
Tamil Nadu,2015,85.07611088252351,85.92938882187742,14.48,23466,73.88419842422743,11.81,306256,52107,66663
Tamil Nadu,2016,83.46957516383196,89.62896595920627,11.14,24598,94.81560212723284,10.33,184754,21411,17911
Tamil Nadu,2017,84.28469184185538,93.5487275968778,5.89,24201,87.77841536578791,23.51,354728,49384,62254
Tamil Nadu,2018,88.00872663988173,89.98124858949286,9.56,24032,70.38517568421952,13.5,371807,26371,17049
Tamil Nadu,2019,90.91235223380652,94.98883073342175,5.52,26770,66.2929521186248,15.58,323714,25151,66407
Tamil Nadu,2020,91.60951076288517,93.44574765541283,6.69,29212,73.79446570699513,22.84,293946,42711,20539
Tamil Nadu,2021,92.90394825485826,89.37573813761976,10.9,24323,74.92769401366846,10.1,328047,31357,17869
Tamil Nadu,2022,90.04330456157818,95.09029460820025,5.08,26230,66.7649588826635,10.36,241412,13987,73871
Tamil Nadu,2023,92.37678319272473,92.93534796046407,7.26,31237,66.42878371409347,17.35,169830,27429,21893
Tamil Nadu,2024,93.06704499644916,94.01676393584447,5.32,30523,73.54175445618252,28.12,180746,59377,63404
Bihar,2010,73.10681587492988,91.36365885331072,9.16,14922,90.46650994438279,13.54,274123,28589,58484
Bihar,2011,72.74674235029447,93.83479499621389,6.75,15946,83.77270423360586,29.06,153420,10301,60236
Bihar,2012,74.43648483707344,94.58530462796598,5.3,16028,73.9407204819793,15.37,366386,36641,49584
Bihar,2013,74.53993959253042,92.63826152509307,7.34,18375,73.67529792269153,11.41,392289,14014,26093
Bihar,2014,76.16752331446241,83.04444624872214,16.19,17749,92.5120214390515,12.73,359141,64748,20801
Bihar,2015,77.13840654760811,92.40712737800892,7.85,20457,78.9708391637666,28.26,368617,12368,21655
Bihar,2016,76.95053907636421,81.04602872085708,19.24,21646,88.04091438884441,18.77,274862,62921,64726
Bihar,2017,81.06860593753225,92.54890449150034,7.42,22638,81.76745087220056,15.01,220313,63006,30338
Bihar,2018,78.06276201461718,88.39217667993525,12.17,23234,86.43189263510214,11.71,347484,68335,71179
Bihar,2019,79.6271248694635,90.32296138451002,9.51,20294,72.2867631592331,12.65,383841,27019,88847
Bihar,2020,79.1824002366534,86.8623029629468,13.42,20472,91.54459351518716,18.18,216617,26896,61175
Bihar,2021,83.23057853472031,90.21016783065394,9.28,25506,97.7140940781635,15.6,284415,23500,68222
Bihar,2022,83.36599304979188,86.52822392456288,13.46,27055,88.00251190224218,13.17,353861,71389,24435
Bihar,2023,78.38059702168997,80.52282287104858,19.39,29207,80.83253996293443,24.07,376507,53919,50247
Bihar,2024,87.69000722502666,85.30265396102047,14.81,26476,80.4602579838455,28.98,247379,78385,55158
Karnataka,2010,60.1289728878237,90.07523653558333,9.74,19201,87.62493601627034,28.88,312049,59115,75890
Karnataka,2011,60.92938359143464,90.09426370216416,9.84,20102,91.08851470211847,26.41,253691,48304,84449
Karnataka,2012,62.02417822364968,84.52302358572075,15.89,20501,78.36166780756105,17.55,247532,37350,40351
Karnataka,2013,62.811900356885594,90.0016178813809,9.78,21416,83.74168201834914,23.86,188513,36092,26338
Karnataka,2014,64.55796068463164,90.22671144963066,8.97,23450,65.59229375373127,15.64,194425,48756,33888
Karnataka,2015,64.22984780066456,89.51479195210271,11.36,24262,82.53745935617837,21.61,369798,17357,47479
Karnataka,2016,67.42622866414007,87.12072703934525,13.57,25354,83.29066652695235,25.09,302424,65069,29397
Karnataka,2017,66.64510058897932,85.1938686524472,14.16,24159,87.19907713983677,23.54,313379,64098,75921
Karnataka,2018,67.87041206811031,87.0748539026226,13.27,24843,76.65908689759169,16.57,292202,70566,81703
Karnataka,2019,70.78331849802383,81.11851261472434,18.63,26816,84.59333776492659,18.83,188102,16801,87267
Karnataka,2020,69.66495761683693,92.68174360766552,7.45,30269,81.04042119605222,26.77,171677,56732,65343
Karnataka,2021,65.67723741453763,92.47711206450674,7.67,30139,98.23288970884964,28.94,318152,11324,50909
Karnataka,2022,71.98404596505938,87.11279609984184,12.77,28376,81.58455874343173,24.1,175289,65129,30485
Karnataka,2023,71.34720699182226,79.7781171672068,19.83,29966,87.46002009437656,24.92,389564,71629,81040
Karnataka,2024,71.18166972466135,83.94472947384187,15.71,34713,72.96290779134064,14.47,264821,77641,51395
Gujarat,2010,84.32938197107184,93.41190404225938,6.13,14672,82.5658829648734,11.51,221726,27640,67528
Gujarat,2011,85.60602769825715,86.40408889588477,13.18,15611,59.41715456989613,21.69,300159,51430,39504
Gujarat,2012,86.10423028790478,94.34641085497532,5.62,15753,70.38229020014137,16.71,159337,56427,76529
Gujarat,2013,87.48188230203664,83.08212000544462,16.56,16730,71.95152162506355,17.21,154835,30159,62605
Gujarat,2014,86.49892441080372,84.54102603285631,15.8,17823,55.698055092338144,12.66,272402,55445,20713
Gujarat,2015,88.96864791579407,89.46362307766796,11.28,20389,77.5458442578341,11.65,208141,33793,71570
Gujarat,2016,87.81136267318885,80.10997337931498,19.6,19253,75.26116738015924,17.62,170309,16970,87474
Gujarat,2017,90.9683766095769,81.0697022502677,19.05,18352,60.89149423393475,12.68,150404,50943,62926
Gujarat,2018,93.57488364011611,92.43984255515146,7.81,24270,75.99050132658986,25.38,160916,14809,47201
Gujarat,2019,91.55385428000865,83.85600113545964,16.38,20463,73.61924850923214,15.03,203932,27100,72091
Gujarat,2020,91.37136137993377,90.11797763395805,9.92,23998,62.11510478327442,23.43,339089,71877,58125
Gujarat,2021,97.01457626506621,84.99134120917986,15.38,26458,75.22132205546734,29.36,275917,34285,52626
Gujarat,2022,93.93826058485074,82.25112447634034,17.99,20913,79.18792499456067,24.08,203682,69494,80215
Gujarat,2023,91.43450187879425,84.64116878883635,14.74,26540,88.57651902790668,17.84,304458,71886,68413
Gujarat,2024,95.8251321528564,94.09457803219463,6.34,24592,89.82532047766573,25.93,395897,65479,34963
Uttar Pradesh,2010,62.380058607724735,83.58364541863337,16.86,8550,96.81934688323358,16.83,287326,27144,39214
Uttar Pradesh,2011,61.911803848970365,81.89835694791071,17.72,9147,83.37332997342958,16.91,364879,43434,84724
Uttar Pradesh,2012,64.9204702164554,89.0489689177238,10.97,9863,92.66105212371154,26.44,368577,46668,38061
Uttar Pradesh,2013,63.31992102467783,82.15166449640553,18.19,11017,93.96582533138192,20.07,262428,33624,38321
Uttar Pradesh,2014,65.17461244894098,89.31534309021032,10.58,10779,85.35193338276764,27.47,300334,62796,19432
Uttar Pradesh,2015,65.1840522074554,92.62648902388301,7.91,13669,86.95841405156204,17.41,261317,18717,43699
Uttar Pradesh,2016,65.86947417126255,88.12193624730968,13.06,14689,84.39319077863243,10.73,392999,15126,20122
Uttar Pradesh,2017,69.96032177449437,87.28700698368252,12.32,14657,93.22268484141067,20.65,316926,56271,88688
Uttar Pradesh,2018,69.4636880103488,82.03947769842311,17.27,15708,84.1600930982432,26.81,287301,66793,62915
Uttar Pradesh,2019,67.40690828339261,85.29190929780243,14.86,16036,107.95700684568969,19.59,287443,36069,27910
Uttar Pradesh,2020,70.92522963452724,86.83078125256307,13.53,14443,80.95473218858227,15.68,344053,64553,63447
Uttar Pradesh,2021,71.32384684037545,85.22456681307762,14.66,21646,80.98872296791778,12.04,266421,11605,86158
Uttar Pradesh,2022,70.53806033668552,93.48663033166052,7.24,15288,103.43191709817542,26.12,366727,37446,28046
Uttar Pradesh,2023,67.83804858825714,79.60069710013838,19.73,21392,103.13430961538594,10.11,281189,23234,68441
Uttar Pradesh,2024,74.49020732807215,88.9164593115158,11.43,18294,91.76103350327017,25.39,287541,40105,57101
Rajasthan,2010,78.16290007932541,90.30706958962055,9.39,10394,105.75768855813736,28.64,255292,57362,35128
Rajasthan,2011,78.74272878089248,87.66968895310364,13.19,11278,97.70184369046487,20.98,189809,15287,49387
Rajasthan,2012,78.64651192843539,91.21625767658406,9.78,12458,103.75617020353626,18.24,374861,52078,27219
Rajasthan,2013,81.27614432192901,81.47667170610832,18.14,13428,122.5095179002812,28.77,234555,15415,51159
Rajasthan,2014,81.37819873045471,92.35522143204571,7.37,12785,96.31864603945083,13.27,236740,25524,34282
Rajasthan,2015,82.02081765540372,88.27979394348989,12.15,14149,101.17370389043305,27.54,365128,53303,74207
Rajasthan,2016,83.37169915088359,85.45643467510524,14.35,15337,113.70944746913763,20.05,300168,77728,49016
Rajasthan,2017,83.62868114528783,87.95729439103388,12.02,14220,91.45539910549968,14.58,161302,77506,56157
Rajasthan,2018,86.92951791308518,89.43269421027121,10.58,16269,110.69033738447486,22.4,209379,35053,24446
Rajasthan,2019,85.89344291949726,94.01016342190117,5.03,19634,95.05615508994426,24.14,182154,12336,82779
Rajasthan,2020,86.86419140397378,91.43308112695289,8.56,21531,106.8424508860982,12.21,221907,74435,55631
Rajasthan,2021,86.11913256578785,87.7551361129679,11.9,19639,95.02620877789244,18.18,284828,30609,31478
Rajasthan,2022,88.6764113087397,88.23343858880011,11.52,22409,107.43353668634859,29.18,390487,22999,70318
Rajasthan,2023,88.1390078760011,94.9318160017344,5.79,18289,107.37329836352194,21.72,275885,27368,30328
Rajasthan,2024,84.44918999505255,92.45174655286037,6.92,26528,113.16475086123104,28.45,254263,10126,67329
Kerala,2010,79.13944985355702,81.96660259337399,18.44,12493,60.815372743549474,28.21,184560,32116,51244
Kerala,2011,80.79884326342477,82.6505185348341,17.21,13579,36.24656454043141,14.55,344446,78244,26694
Kerala,2012,80.6804214306335,84.89011991575208,14.97,14617,42.869106586390075,10.09,163224,50738,40150
Kerala,2013,81.36441050510861,93.34518594802586,7.05,15931,44.200134467413605,28.37,287855,51914,85507
Kerala,2014,84.12629139067808,83.89002564728445,16.28,16110,28.061943674307386,13.31,169956,56240,52148
Kerala,2015,84.509677718293,89.76530649860977,10.52,15039,42.059519185105195,29.22,330912,62853,39917
Kerala,2016,83.10231684145639,95.43409233026644,5.05,17602,59.89638953318275,21.91,323021,12482,39442
Kerala,2017,86.72981518496009,85.07434580840834,14.76,18287,40.54405061613334,26.73,370178,28449,48536
Kerala,2018,87.29653161114722,86.49388163274612,13.2,19429,70.89789103753021,18.82,176737,21485,53565
Kerala,2019,88.94911165680679,80.9974247367211,18.46,19099,51.81942491015752,15.45,281026,62603,41399
Kerala,2020,89.48674269271088,89.46729473501051,10.12,17682,54.76770182154199,14.44,393671,40678,78230
Kerala,2021,85.37759661001387,83.03454721265436,18.44,24152,51.716825105191674,14.76,214929,44911,46821
Kerala,2022,90.66758590084098,92.7223397903684,7.9,26579,42.40034634290857,28.89,277157,76358,32327
Kerala,2023,87.09477635765965,88.82446281689599,10.5,25689,56.665178472645366,24.08,323952,33236,30358
Kerala,2024,89.73238239421971,88.18877102162821,11.15,22120,65.41998047821372,22.48,359829,11279,78197
West Bengal,2010,69.72869703281715,91.94093303085924,8.3,18332,68.2778925580306,19.42,318671,61920,43529
West Bengal,2011,69.6787998023462,84.30363239868899,15.97,19211,61.53331083843114,22.67,210774,33752,70029
West Bengal,2012,72.00763043631264,86.60444191765868,13.67,19518,65.38502062254896,23.66,206133,71268,53243
West Bengal,2013,71.26540609095521,80.88252210322315,18.99,20683,72.18604002864222,19.95,359483,11622,63756
West Bengal,2014,71.96798190158262,81.98727286999855,17.95,22852,67.69279797440633,22.01,197924,69052,26664
West Bengal,2015,73.12895539173132,85.91393976207968,14.25,22649,73.45262767109276,10.94,251371,48709,76120
West Bengal,2016,72.09429099819278,89.09294650314666,10.95,22363,48.68749863146407,17.11,372320,34762,26046
West Bengal,2017,75.31805708297284,93.13034981362622,5.76,23776,59.46850399147787,29.08,375685,31792,74129
West Bengal,2018,73.07982634590283,83.8151001847124,16.07,25665,63.756922281392356,21.94,216017,57304,47921
West Bengal,2019,76.77208297320097,84.74429678286984,14.83,25047,58.51572626791278,18.26,281132,65337,28350
West Bengal,2020,74.86141774401774,81.25760570945425,18.83,23349,68.79980976424163,26.15,156960,45772,36520
West Bengal,2021,81.60314999803072,88.1826295013017,13.31,25258,54.508952089348234,20.84,240327,10338,86431
West Bengal,2022,80.42782270386951,91.57374083273716,8.61,30415,60.20447180527603,28.07,227454,37935,52641
West Bengal,2023,81.99113517930593,94.8332351569138,5.01,29890,67.83076899439583,19.46,363382,54813,52198
West Bengal,2024,83.76377158505036,84.92090075098862,15.54,34391,74.6240708161177,26.89,187265,27850,81150
Madhya Pradesh,2010,61.14816183483702,81.39134394360461,18.85,15155,64.34528741677214,16.8,301734,33510,55998
Madhya Pradesh,2011,61.6690017390841,88.30004724522593,11.91,16208,74.07653086560666,27.72,229273,62393,81081
Madhya Pradesh,2012,62.010015663359134,93.42342529660785,6.88,16895,50.47059957769746,28.78,219346,49974,31371
Madhya Pradesh,2013,62.84675898636521,82.35827178241477,18.67,16734,96.87561433628902,15.43,291688,60072,39574
Madhya Pradesh,2014,63.588603717400794,90.49455578233705,8.94,17823,62.00638537585436,12.21,183933,34951,47413
Madhya Pradesh,2015,66.28131173128833,90.96681603840572,9.27,19717,73.28667053566093,10.9,285566,53001,82364
Madhya Pradesh,2016,66.39570796306121,80.87680943500924,18.66,19909,59.35131883262206,27.58,278301,39757,49636
Madhya Pradesh,2017,69.46961156130264,91.42775632317112,8.85,18973,74.02653879034139,14.61,214754,44157,55042
Madhya Pradesh,2018,66.23359796985137,82.85065674425695,16.69,20199,54.26276402154372,25.59,268533,60948,88781
Madhya Pradesh,2019,71.28840676885031,93.05131659319747,6.74,25500,77.88185753675174,23.92,262855,34578,43831
Madhya Pradesh,2020,69.95699338164502,89.19245504288105,10.66,25390,63.26010955915697,10.7,252979,44701,32674
Madhya Pradesh,2021,72.56711716849884,84.46790835967236,16.02,21652,70.51083954724511,23.1,214772,68762,65106
Madhya Pradesh,2022,68.5578125598951,84.24922722197121,16.21,21197,68.78546021114363,23.91,220831,51873,24903
Madhya Pradesh,2023,73.75222590927999,80.51714131177681,18.86,29401,31.22309914884584,21.85,300201,11591,26303
Madhya Pradesh,2024,75.09354915130606,88.51746705549992,11.51,24772,55.33334337227378,27.57,157314,29623,82675
Maharashtra,2010,70.20196384572894,81.98521007262542,17.66,19408,117.64427664720536,10.41,150769,69735,77955
Maharashtra,2011,70.29055786856553,79.38074754466234,19.99,20603,111.20763483844183,22.35,235305,38693,86932
Maharashtra,2012,71.50934041671565,84.26149147478782,15.63,21265,92.11233963776857,17.33,215725,45773,82435
Maharashtra,2013,71.92074576524965,88.73575860577209,11.11,21006,94.71894306351204,22.15,377348,20627,23792
Maharashtra,2014,73.98368635002959,93.34335824317276,7.87,22261,106.947304612864,18.8,274358,58555,32159
Maharashtra,2015,72.42182996874334,93.85647991268034,6.36,22814,93.63469913310989,23.25,169457,76557,67995
Maharashtra,2016,73.46616143920672,93.85119124962289,5.46,25664,110.72210183636176,11.77,241387,11016,70591
Maharashtra,2017,76.21180392150788,90.92761299791452,8.79,25553,111.39396333341766,21.74,344776,49099,23571
Maharashtra,2018,75.64827017486294,84.95069164771469,15.56,24334,100.48697162103932,17.9,283767,58190,20258
Maharashtra,2019,75.81004567707373,91.71422138643496,9.33,28886,99.66992115001597,22.12,284633,36854,79505
Maharashtra,2020,74.85721864924524,92.15700834388102,7.05,28771,94.23582874901582,16.22,360647,73335,25965
Maharashtra,2021,81.8979017667187,86.14003780743047,12.92,25829,99.92375348780615,24.26,334064,16910,15206
Maharashtra,2022,79.19701509314137,81.31548258768589,19.62,26314,103.4908148749469,16.29,260687,28141,86910
Maharashtra,2023,79.73033688291194,91.52480708868545,8.67,27990,98.83452702081041,11.54,225450,32299,58585
Maharashtra,2024,82.2048474230773,83.99585363406182,15.57,27442,83.36091404087342,18.33,324013,31834,33047
Tamil Nadu,2010,79.85418831603097,83.68731454306122,16.58,18753,70.58908531397635,26.36,205016,19474,73053
Tamil Nadu,2011,81.02722296450429,84.94212613049157,13.74,19408,73.21658781615291,28.86,243557,71087,83840
Tamil Nadu,2012,82.33636450962969,80.97168775329858,19.03,20108,65.58590729354357,14.94,215318,33664,82172
Tamil Nadu,2013,82.55180007729722,80.71391058642153,19.45,21533,68.55596156721552,15.57,157392,65680,61717
Tamil Nadu,2014,82.40469283395694,87.80213506976892,12.66,23512,71.58896408996212,14.84,220467,62662,27688
Tamil Nadu,2015,85.61584935532417,85.01305202385373,14.48,23466,80.37970071827112,11.81,306256,52107,66663
Tamil Nadu,2016,81.93572868968496,88.90284358070168,11.14,24598,94.99780351464958,10.33,184754,21411,17911
Tamil Nadu,2017,84.73438285018605,93.6472876869702,5.89,24201,81.8972678109383,23.51,354728,49384,62254
Tamil Nadu,2018,86.35014311061094,90.56769187783716,9.56,24032,73.87556301439662,13.5,371807,26371,17049
Tamil Nadu,2019,90.77877952929843,94.03232683881849,5.52,26770,67.81491000967907,15.58,323714,25151,66407
Tamil Nadu,2020,90.91016505268692,93.10594958041989,6.69,29212,72.17135917534561,22.84,293946,42711,20539
Tamil Nadu,2021,91.95265926213955,88.60209230260487,10.9,24323,75.75798492187712,10.1,328047,31357,17869
Tamil Nadu,2022,90.53041339368926,95.24556812091183,5.08,26230,66.01173282014038,10.36,241412,13987,73871
Tamil Nadu,2023,92.36614939934405,93.16922555832832,7.26,31237,60.012302604768614,17.35,169830,27429,21893
Tamil Nadu,2024,93.14325194086535,94.5626897150213,5.32,30523,76.88195731354863,28.12,180746,59377,63404
Bihar,2010,72.5465397105604,90.85911899748002,9.16,14922,86.61601883490142,13.54,274123,28589,58484
Bihar,2011,73.49852041361157,92.52570429268323,6.75,15946,80.98581469316734,29.06,153420,10301,60236
Bihar,2012,74.40841094553014,94.5501616759966,5.3,16028,70.36724561065247,15.37,366386,36641,49584
Bihar,2013,74.24850388790571,92.63489769147913,7.34,18375,78.07528626275571,11.41,392289,14014,26093
Bihar,2014,76.06813340972356,85.12039654551499,16.19,17749,91.96216885841652,12.73,359141,64748,20801
Bihar,2015,77.65312170841935,91.59401648711292,7.85,20457,80.31942137115907,28.26,368617,12368,21655
Bihar,2016,76.45170905067013,81.49208861937622,19.24,21646,84.07065001653329,18.77,274862,62921,64726
Bihar,2017,80.66594241951704,93.0784293867329,7.42,22638,74.35762941776497,15.01,220313,63006,30338
Bihar,2018,78.03037989531715,87.97031820224507,12.17,23234,88.80495918509652,11.71,347484,68335,71179
Bihar,2019,80.08511087105674,91.36931024209755,9.51,20294,70.85314266679505,12.65,383841,27019,88847
Bihar,2020,79.28567393279606,86.76605273630344,13.42,20472,91.43098307432217,18.18,216617,26896,61175
Bihar,2021,82.11537114784079,90.91457959783396,9.28,25506,91.03540097616684,15.6,284415,23500,68222
Bihar,2022,83.92918247439131,86.51343967349123,13.46,27055,90.3760240201177,13.17,353861,71389,24435
Bihar,2023,80.51837399178042,81.22178444120931,19.39,29207,72.81507834804472,24.07,376507,53919,50247
Bihar,2024,87.66096772611577,85.73823461690544,14.81,26476,84.21350249340787,28.98,247379,78385,55158
Karnataka,2010,60.59502082359554,89.9471613562519,9.74,19201,85.78704308736567,28.88,312049,59115,75890
Karnataka,2011,61.95514172701592,89.50037640270061,9.84,20102,89.91875461703067,26.41,253691,48304,84449
Karnataka,2012,61.78939457951326,84.00850968130217,15.89,20501,82.5994044521762,17.55,247532,37350,40351
Karnataka,2013,62.56047892708965,89.81998071780117,9.78,21416,88.20866660807641,23.86,188513,36092,26338
Karnataka,2014,64.74182507545751,90.99823771269233,8.97,23450,66.74791410634157,15.64,194425,48756,33888
Karnataka,2015,64.83419937029298,89.25871906734207,11.36,24262,78.10413872446657,21.61,369798,17357,47479
Karnataka,2016,66.97138888174507,86.20134917245662,13.57,25354,83.86151286181318,25.09,302424,65069,29397
Karnataka,2017,66.68381477181849,85.81858830934422,14.16,24159,88.64955806235358,23.54,313379,64098,75921
Karnataka,2018,67.94597294290365,86.7590113674042,13.27,24843,84.49467542087262,16.57,292202,70566,81703
Karnataka,2019,70.2263200386078,81.79421544110265,18.63,26816,89.53425574213438,18.83,188102,16801,87267
Karnataka,2020,70.15964170994572,91.4265553330077,7.45,30269,75.20413427371669,26.77,171677,56732,65343
Karnataka,2021,66.47931759515804,92.02664985261735,7.67,30139,98.40647269291777,28.94,318152,11324,50909
Karnataka,2022,71.33089965773395,87.33564184613974,12.77,28376,78.53031573061132,24.1,175289,65129,30485
Karnataka,2023,71.82816383735124,80.77003947821343,19.83,29966,87.90349193306689,24.92,389564,71629,81040
Karnataka,2024,71.233244237949,84.04404877624691,15.71,34713,77.01683689615287,14.47,264821,77641,51395
Gujarat,2010,84.94900505492983,92.93172364697907,6.13,14672,76.51933441565919,11.51,221726,27640,67528
Gujarat,2011,83.98187231090316,87.12985572298307,13.18,15611,59.5834888715387,21.69,300159,51430,39504
Gujarat,2012,87.77418735239037,94.06231880558718,5.62,15753,67.88321867723941,16.71,159337,56427,76529
Gujarat,2013,86.69020518592242,82.84516667045482,16.56,16730,72.89857356575438,17.21,154835,30159,62605
Gujarat,2014,87.09409140836877,83.88782730514339,15.8,17823,57.252081268018294,12.66,272402,55445,20713
Gujarat,2015,87.89004703643724,88.62773732117208,11.28,20389,80.10937037553867,11.65,208141,33793,71570
Gujarat,2016,87.94638695253128,80.0976276677309,19.6,19253,74.65727248309064,17.62,170309,16970,87474
Gujarat,2017,90.21329221841317,79.84721697145046,19.05,18352,65.67975015748395,12.68,150404,50943,62926
Gujarat,2018,92.9781155196521,92.63853309844356,7.81,24270,72.03894226661751,25.38,160916,14809,47201
Gujarat,2019,92.2870156769334,84.25743752063937,16.38,20463,73.75552627640455,15.03,203932,27100,72091
Gujarat,2020,90.95465879961833,90.40576099566975,9.92,23998,67.7480904324262,23.43,339089,71877,58125
Gujarat,2021,96.45871643658985,84.0511571647876,15.38,26458,67.21788554546228,29.36,275917,34285,52626
Gujarat,2022,94.27503386534438,81.90925423302625,17.99,20913,83.71636755349068,24.08,203682,69494,80215
Gujarat,2023,91.3278409439863,85.25673934238527,14.74,26540,81.67861577076987,17.84,304458,71886,68413
Gujarat,2024,95.94520945257179,93.95939719478095,6.34,24592,96.5389263933384,25.93,395897,65479,34963
Uttar Pradesh,2010,61.84248050123311,83.47417024435904,16.86,8550,94.61197324814408,16.83,287326,27144,39214
Uttar Pradesh,2011,63.45170779261914,81.91291310061075,17.72,9147,81.71190375652415,16.91,364879,43434,84724
Uttar Pradesh,2012,63.991190601483204,89.07099777820679,10.97,9863,92.65996948645117,26.44,368577,46668,38061
Uttar Pradesh,2013,63.44054952335749,82.03864020230762,18.19,11017,86.55561584786692,20.07,262428,33624,38321
Uttar Pradesh,2014,66.41532719800381,90.14791116107338,10.58,10779,78.36058040691935,27.47,300334,62796,19432
Uttar Pradesh,2015,65.672762966479,92.44225326991237,7.91,13669,86.32706096387959,17.41,261317,18717,43699
Uttar Pradesh,2016,66.80351515278018,87.33452834368775,13.06,14689,87.28806710263336,10.73,392999,15126,20122
Uttar Pradesh,2017,69.8593651110146,87.72191331396469,12.32,14657,95.05337484341872,20.65,316926,56271,88688
Uttar Pradesh,2018,69.21849754363477,83.43522957260176,17.27,15708,84.52281005420188,26.81,287301,66793,62915
Uttar Pradesh,2019,68.44671576615055,85.34488139797975,14.86,16036,107.81302996020334,19.59,287443,36069,27910
Uttar Pradesh,2020,71.29682730349066,86.03945604491321,13.53,14443,77.0934418334633,15.68,344053,64553,63447
Uttar Pradesh,2021,71.70131773261951,86.0416849850626,14.66,21646,76.8277377311918,12.04,266421,11605,86158
Uttar Pradesh,2022,71.37286207499032,93.10895163626952,7.24,15288,104.48617505505393,26.12,366727,37446,28046
Uttar Pradesh,2023,68.5979308267035,80.04847798943575,19.73,21392,99.22439689571027,10.11,281189,23234,68441
Uttar Pradesh,2024,74.27438120515174,88.33025351630037,11.43,18294,99.87862475617189,25.39,287541,40105,57101
Rajasthan,2010,77.93067860772513,90.75828777257038,9.39,10394,100.9408164033574,28.64,255292,57362,35128
Rajasthan,2011,78.74096037711764,87.04159239763379,13.19,11278,92.78686380843051,20.98,189809,15287,49387
Rajasthan,2012,79.93685563452932,90.3186461328156,9.78,12458,97.51109548068979,18.24,374861,52078,27219
Rajasthan,2013,81.52676715075698,82.01565433672144,18.14,13428,129.69567726581596,28.77,234555,15415,51159
Rajasthan,2014,81.25792168235468,93.47997868728818,7.37,12785,95.25756231916274,13.27,236740,25524,34282
Rajasthan,2015,83.08204358414417,88.38577157611743,12.15,14149,106.25527083943538,27.54,365128,53303,74207
Rajasthan,2016,83.21473524446232,85.74531779563252,14.35,15337,111.88223865443335,20.05,300168,77728,49016
Rajasthan,2017,82.5761960924315,88.45065529038375,12.02,14220,94.11387258469635,14.58,161302,77506,56157
Rajasthan,2018,87.33870003492494,88.90373804823624,10.58,16269,107.59391106060927,22.4,209379,35053,24446
Rajasthan,2019,86.23058637115544,95.1689635249734,5.03,19634,97.39268957698245,24.14,182154,12336,82779
Rajasthan,2020,86.61121824832001,92.34465317486655,8.56,21531,113.76665889406945,12.21,221907,74435,55631
Rajasthan,2021,87.8278534066558,87.9909770523038,11.9,19639,101.35507919681282,18.18,284828,30609,31478
Rajasthan,2022,88.72497220648373,88.05618303569047,11.52,22409,114.50392883679436,29.18,390487,22999,70318
Rajasthan,2023,88.54278822673578,93.88395555570347,5.79,18289,106.05495856801434,21.72,275885,27368,30328
Rajasthan,2024,84.86346408785806,92.5351834813288,6.92,26528,114.80326752472979,28.45,254263,10126,67329
Kerala,2010,79.28778952379074,81.16761904593615,18.44,12493,52.83780958951281,28.21,184560,32116,51244
Kerala,2011,79.35186245655241,82.604745950705,17.21,13579,43.645127187690505,14.55,344446,78244,26694
Kerala,2012,79.63997455870285,84.32721649041068,14.97,14617,43.54552730615738,10.09,163224,50738,40150
Kerala,2013,82.44725253161249,92.9578091669748,7.05,15931,37.72565197525578,28.37,287855,51914,85507
Kerala,2014,83.41651932584084,84.17113858689332,16.28,16110,27.710590612559034,13.31,169956,56240,52148
Kerala,2015,83.31430382527185,89.02612190992654,10.52,15039,44.46878881240927,29.22,330912,62853,39917
Kerala,2016,81.56330494319815,95.70964196182089,5.05,17602,63.3733407519017,21.91,323021,12482,39442
Kerala,2017,86.38051912615525,85.4953960442638,14.76,18287,40.748332604776934,26.73,370178,28449,48536
Kerala,2018,86.95845510329626,87.31529029281202,13.2,19429,67.2392301447895,18.82,176737,21485,53565
Kerala,2019,89.42100758006818,81.21108272307394,18.46,19099,58.89049871687787,15.45,281026,62603,41399
Kerala,2020,89.79490854467133,90.3072626135333,10.12,17682,52.338606775161395,14.44,393671,40678,78230
Kerala,2021,84.58592482741115,81.01403304980235,18.44,24152,61.40961005101692,14.76,214929,44911,46821
Kerala,2022,91.47621790267215,92.54512375041824,7.9,26579,42.857767881421594,28.89,277157,76358,32327
Kerala,2023,87.0608827434958,89.58591966989677,10.5,25689,56.18051934350769,24.08,323952,33236,30358
Kerala,2024,89.8375843082457,89.12662560999239,11.15,22120,63.77250469055709,22.48,359829,11279,78197
West Bengal,2010,67.8202971425632,91.11220269718758,8.3,18332,68.24848593063105,19.42,318671,61920,43529
West Bengal,2011,70.72547128629537,83.5824650788617,15.97,19211,67.1894811061005,22.67,210774,33752,70029
West Bengal,2012,70.27521376661821,86.62861410912669,13.67,19518,67.53406274007078,23.66,206133,71268,53243
West Bengal,2013,70.78730062652156,80.53582599788791,18.99,20683,66.08092064868882,19.95,359483,11622,63756
West Bengal,2014,71.61128521600482,82.28160314604956,17.95,22852,66.63167834923485,22.01,197924,69052,26664
West Bengal,2015,74.24987620316963,85.06643109676988,14.25,22649,77.57145540143145,10.94,251371,48709,76120
West Bengal,2016,73.11213640925526,89.47408710633333,10.95,22363,49.237871762270686,17.11,372320,34762,26046
West Bengal,2017,75.84195456002618,93.62373834261574,5.76,23776,56.64084979245636,29.08,375685,31792,74129
West Bengal,2018,73.53737717083264,84.20614996883977,16.07,25665,68.26912951771781,21.94,216017,57304,47921
West Bengal,2019,76.98670777939016,85.482815466823,14.83,25047,56.64408031822323,18.26,281132,65337,28350
West Bengal,2020,74.97946429489338,80.82161409078522,18.83,23349,57.6615903452713,26.15,156960,45772,36520
West Bengal,2021,82.03059571198469,86.98101328354237,13.31,25258,58.298106641423516,20.84,240327,10338,86431
West Bengal,2022,80.49210055197594,91.52022113166677,8.61,30415,64.3074781462538,28.07,227454,37935,52641
West Bengal,2023,80.88870343605024,94.72057907190363,5.01,29890,62.581261040740245,19.46,363382,54813,52198
West Bengal,2024,82.52301770556667,83.95572265796189,15.54,34391,76.13386463230393,26.89,187265,27850,81150
Madhya Pradesh,2010,60.789662461566614,80.16868715416372,18.85,15155,66.77451694174034,16.8,301734,33510,55998
Madhya Pradesh,2011,60.80352159290231,88.26482502364985,11.91,16208,76.39213431529656,27.72,229273,62393,81081
Madhya Pradesh,2012,61.900830186602626,92.33759861431898,6.88,16895,52.17094321805871,28.78,219346,49974,31371
Madhya Pradesh,2013,62.04570444642454,81.37767209972066,18.67,16734,97.52022309554627,15.43,291688,60072,39574
Madhya Pradesh,2014,63.54820534139211,90.92827589195888,8.94,17823,58.57136341532731,12.21,183933,34951,47413
Madhya Pradesh,2015,66.49994707557674,91.06957138771911,9.27,19717,71.535045903934,10.9,285566,53001,82364
Madhya Pradesh,2016,67.9260011431723,81.18897725025508,18.66,19909,62.0723599122026,27.58,278301,39757,49636
Madhya Pradesh,2017,69.72915830300116,90.98527610682646,8.85,18973,74.94092084033909,14.61,214754,44157,55042
Madhya Pradesh,2018,65.12474969818841,83.67593535214415,16.69,20199,61.02527703974669,25.59,268533,60948,88781
Madhya Pradesh,2019,71.03518593171484,93.42752901454206,6.74,25500,78.87372428543493,23.92,262855,34578,43831
Madhya Pradesh,2020,69.64038559399411,89.4980779785914,10.66,25390,61.468427392641374,10.7,252979,44701,32674
Madhya Pradesh,2021,72.68875630323085,84.21463379490427,16.02,21652,76.00722736010226,23.1,214772,68762,65106
Madhya Pradesh,2022,69.17768342500149,83.02221393839645,16.21,21197,67.30186969117248,23.91,220831,51873,24903
Madhya Pradesh,2023,73.91502604951228,81.51839433999349,18.86,29401,30.04012408315361,21.85,300201,11591,26303
Madhya Pradesh,2024,74.08582777256818,88.7962343970068,11.51,24772,57.21063096066625,27.57,157314,29623,82675
Maharashtra,2010,69.41268775307297,81.83165843571176,17.66,19408,118.21739654612924,10.41,150769,69735,77955
Maharashtra,2011,69.8529872525409,79.88795976316291,19.99,20603,109.70065243586436,22.35,235305,38693,86932
Maharashtra,2012,70.66931617802439,84.3503463561862,15.63,21265,100.81228738184434,17.33,215725,45773,82435
Maharashtra,2013,72.09989096707126,88.82275160779913,11.11,21006,86.54082378839436,22.15,377348,20627,23792
Maharashtra,2014,73.27350313323416,92.29692998328426,7.87,22261,96.98921038941299,18.8,274358,58555,32159
Maharashtra,2015,72.2002373689802,94.35568339091559,6.36,22814,93.39236548396954,23.25,169457,76557,67995
Maharashtra,2016,73.13018110053666,95.08088336383642,5.46,25664,111.91190056263113,11.77,241387,11016,70591
Maharashtra,2017,77.27624497720858,90.55389040328429,8.79,25553,98.25305590518322,21.74,344776,49099,23571
Maharashtra,2018,75.02195706703233,84.75103499515302,15.56,24334,91.77710298091873,17.9,283767,58190,20258
Maharashtra,2019,75.80207021498693,91.33446665976771,9.33,28886,100.20353821865763,22.12,284633,36854,79505
Maharashtra,2020,75.23261225132396,93.14340426034461,7.05,28771,97.18097167110814,16.22,360647,73335,25965
Maharashtra,2021,81.48529722943738,87.62549021259298,12.92,25829,96.10937477960171,24.26,334064,16910,15206
Maharashtra,2022,79.01114875151615,81.38613522285038,19.62,26314,99.1533811978372,16.29,260687,28141,86910
Maharashtra,2023,79.87164901451818,91.84185477305348,8.67,27990,95.34076884109598,11.54,225450,32299,58585
Maharashtra,2024,82.50443003516286,84.55465429782087,15.57,27442,86.75160595242183,18.33,324013,31834,33047
Tamil Nadu,2010,80.21029584560193,83.94254423704238,16.58,18753,68.09105417145098,26.36,205016,19474,73053
Tamil Nadu,2011,80.68900415609663,86.33244391654846,13.74,19408,70.31219175692655,28.86,243557,71087,83840
Tamil Nadu,2012,81.41854954122452,80.98195152164247,19.03,20108,55.67612001128682,14.94,215318,33664,82172
Tamil Nadu,2013,81.57869736410015,80.37429288214314,19.45,21533,63.099444404616605,15.57,157392,65680,61717
Tamil Nadu,2014,83.46478837159347,88.12170667941606,12.66,23512,68.92183811726684,14.84,220467,62662,27688
Tamil Nadu,2015,84.60806838230437,85.11078566702899,14.48,23466,77.36097796488252,11.81,306256,52107,66663
Tamil Nadu,2016,83.01354740110204,89.62618386233906,11.14,24598,92.54585672452959,10.33,184754,21411,17911
Tamil Nadu,2017,83.8007963672154,94.35993206187018,5.89,24201,87.1435313396873,23.51,354728,49384,62254
Tamil Nadu,2018,87.66746218847221,89.74034691259902,9.56,24032,67.34198968501983,13.5,371807,26371,17049
Tamil Nadu,2019,90.81252516085398,94.66382464649571,5.52,26770,70.92647442899226,15.58,323714,25151,66407
Tamil Nadu,2020,92.09387103633686,92.25998674617419,6.69,29212,75.7450092696351,22.84,293946,42711,20539
Tamil Nadu,2021,92.26325468787806,89.41275400841552,10.9,24323,80.75994230968587,10.1,328047,31357,17869
Tamil Nadu,2022,90.0894970811119,95.3626157414945,5.08,26230,63.67470208671958,10.36,241412,13987,73871
Tamil Nadu,2023,92.18232647337011,92.44382202217396,7.26,31237,64.55337581305756,17.35,169830,27429,21893
Tamil Nadu,2024,94.04257456388669,94.7417738479778,5.32,30523,68.3084116223129,28.12,180746,59377,63404
Bihar,2010,71.97620079048524,91.81707871687514,9.16,14922,77.72413138706094,13.54,274123,28589,58484
Bihar,2011,73.41491035511352,92.99712664786904,6.75,15946,85.6343231273451,29.06,153420,10301,60236
Bihar,2012,74.68688844046605,94.1705462064717,5.3,16028,74.9633191190558,15.37,366386,36641,49584
Bihar,2013,75.09689954872574,93.4008317012313,7.34,18375,82.04553806939528,11.41,392289,14014,26093
Bihar,2014,75.47735617056114,84.7912935952654,16.19,17749,89.17979133309075,12.73,359141,64748,20801
Bihar,2015,77.8350896501333,92.15184783592393,7.85,20457,81.53970641858626,28.26,368617,12368,21655
Bihar,2016,77.25190573598955,81.26573151770418,19.24,21646,90.76645352163156,18.77,274862,62921,64726
Bihar,2017,80.80649899918575,93.25073795776544,7.42,22638,81.6391168250718,15.01,220313,63006,30338
Bihar,2018,77.76193955839746,87.45875788373081,12.17,23234,90.79974451677315,11.71,347484,68335,71179
Bihar,2019,80.76526150079567,90.24734708231605,9.51,20294,71.79566824247304,12.65,383841,27019,88847
Bihar,2020,79.18125410749607,87.19543725657736,13.42,20472,84.81735562862227,18.18,216617,26896,61175
Bihar,2021,81.60509851021047,91.56250713935425,9.28,25506,97.19671880713103,15.6,284415,23500,68222
Bihar,2022,84.04585897582437,86.82144043008718,13.46,27055,83.5074270805848,13.17,353861,71389,24435
Bihar,2023,80.76985466882716,80.17009282324898,19.39,29207,80.06344976914905,24.07,376507,53919,50247
Bihar,2024,87.06816271601514,86.18353055584971,14.81,26476,75.59089708028624,28.98,247379,78385,55158
Karnataka,2010,61.19955840272203,89.99451455109403,9.74,19201,82.92162100647666,28.88,312049,59115,75890
Karnataka,2011,62.27885040703822,89.99243110941427,9.84,20102,91.64526219766671,26.41,253691,48304,84449
Karnataka,2012,61.393205879146,84.28116891724481,15.89,20501,81.31809313312647,17.55,247532,37350,40351
Karnataka,2013,62.974491539592634,90.99708021035738,9.78,21416,89.14982642812764,23.86,188513,36092,26338
Karnataka,2014,65.65419831156427,91.45698798827611,8.97,23450,67.67530802282444,15.64,194425,48756,33888
Karnataka,2015,64.68043612950626,88.84743275018096,11.36,24262,75.87430668112643,21.61,369798,17357,47479
Karnataka,2016,66.88820981994881,86.66164426505907,13.57,25354,82.27620279919516,25.09,302424,65069,29397
Karnataka,2017,66.02915954302567,85.86175733432174,14.16,24159,87.22032304673317,23.54,313379,64098,75921
Karnataka,2018,67.41262163465356,87.00906975725925,13.27,24843,85.92606644055112,16.57,292202,70566,81703
Karnataka,2019,69.53536122746699,80.10521996115286,18.63,26816,85.90563260262024,18.83,188102,16801,87267
Karnataka,2020,69.58802986661887,92.4016962704651,7.45,30269,73.67064531617139,26.77,171677,56732,65343
Karnataka,2021,66.45704173412962,92.45066096745839,7.67,30139,97.11288429611172,28.94,318152,11324,50909
Karnataka,2022,71.94501338447068,86.65449295819025,12.77,28376,86.88866942645839,24.1,175289,65129,30485
Karnataka,2023,71.48689295589539,80.36316165890578,19.83,29966,89.77895937554338,24.92,389564,71629,81040
Karnataka,2024,70.28205217689819,84.18776438950695,15.71,34713,76.62744674098361,14.47,264821,77641,51395
Gujarat,2010,84.61544011610724,94.74773784915774,6.13,14672,84.2460302058707,11.51,221726,27640,67528
Gujarat,2011,85.84676448080447,87.60650986260742,13.18,15611,62.552005395609335,21.69,300159,51430,39504
Gujarat,2012,85.73313217871427,94.14709721544091,5.62,15753,64.45860269078838,16.71,159337,56427,76529
Gujarat,2013,86.94702828492379,83.36458114421664,16.56,16730,66.96512448352269,17.21,154835,30159,62605
Gujarat,2014,87.15383449623666,84.1630262171958,15.8,17823,58.14154407736879,12.66,272402,55445,20713
Gujarat,2015,87.8051794906544,88.49417026192019,11.28,20389,82.48633024925083,11.65,208141,33793,71570
Gujarat,2016,88.47628619341886,80.49751249201407,19.6,19253,73.03181354369993,17.62,170309,16970,87474
Gujarat,2017,90.94950950468302,80.57085896555621,19.05,18352,65.88348746374083,12.68,150404,50943,62926
Gujarat,2018,92.9374940721208,91.62469233253124,7.81,24270,72.36488192756462,25.38,160916,14809,47201
Gujarat,2019,91.30211546117114,83.93135561195014,16.38,20463,70.39669146538438,15.03,203932,27100,72091
Gujarat,2020,91.32916345626086,90.3947647921109,9.92,23998,67.30289623076074,23.43,339089,71877,58125
Gujarat,2021,96.3880026957062,84.21784212017,15.38,26458,68.68961729278519,29.36,275917,34285,52626
Gujarat,2022,94.10937799622319,82.45767771538131,17.99,20913,81.31854466245834,24.08,203682,69494,80215
Gujarat,2023,90.61966320346032,84.94421113541733,14.74,26540,85.39472410322439,17.84,304458,71886,68413
Gujarat,2024,95.95468041201805,93.78658261901899,6.34,24592,91.4705215694103,25.93,395897,65479,34963
Uttar Pradesh,2010,60.9531427515475,83.55017200630623,16.86,8550,97.21068061300288,16.83,287326,27144,39214
Uttar Pradesh,2011,62.19438696932565,82.26319371764815,17.72,9147,83.31269117277002,16.91,364879,43434,84724
Uttar Pradesh,2012,63.568046179267604,89.25737045607057,10.97,9863,92.34340465864479,26.44,368577,46668,38061
Uttar Pradesh,2013,62.97223502870512,81.55178517805622,18.19,11017,84.55626877971683,20.07,262428,33624,38321
Uttar Pradesh,2014,66.50804658760522,89.32176670828595,10.58,10779,84.26822995437244,27.47,300334,62796,19432
Uttar Pradesh,2015,65.66565506029714,91.98707028455983,7.91,13669,87.75359023329537,17.41,261317,18717,43699
Uttar Pradesh,2016,66.51456906045358,86.56671082672987,13.06,14689,86.12880609168573,10.73,392999,15126,20122
Uttar Pradesh,2017,68.99384361766371,87.59161291844211,12.32,14657,88.10427795422758,20.65,316926,56271,88688
Uttar Pradesh,2018,69.63179577515261,81.95569085056813,17.27,15708,80.66079103617245,26.81,287301,66793,62915
Uttar Pradesh,2019,68.23654884998959,84.89442312642895,14.86,16036,100.82460408011416,19.59,287443,36069,27910
Uttar Pradesh,2020,71.94085845681995,86.32756225331516,13.53,14443,80.0761578438954,15.68,344053,64553,63447
Uttar Pradesh,2021,72.70966476999084,85.21191012375232,14.66,21646,77.67468725825685,12.04,266421,11605,86158
Uttar Pradesh,2022,71.94665891969719,92.63925127706462,7.24,15288,96.19023632704406,26.12,366727,37446,28046
Uttar Pradesh,2023,68.72602455824502,80.23911790006993,19.73,21392,101.22562972449614,10.11,281189,23234,68441
Uttar Pradesh,2024,73.95544176789875,88.80972075904303,11.43,18294,96.00191189255821,25.39,287541,40105,57101
Rajasthan,2010,77.83677045239114,91.04725853706626,9.39,10394,107.94959379662984,28.64,255292,57362,35128
Rajasthan,2011,78.45376508180973,86.48511738657587,13.19,11278,88.24434974131036,20.98,189809,15287,49387
Rajasthan,2012,79.4840543383443,89.61839957230542,9.78,12458,97.77814312990157,18.24,374861,52078,27219
Rajasthan,2013,81.77835115839729,81.33897779387844,18.14,13428,128.79930468304522,28.77,234555,15415,51159
Rajasthan,2014,80.98700526974602,92.38639853940253,7.37,12785,93.25272178186991,13.27,236740,25524,34282
Rajasthan,2015,81.9343835232211,87.67403934109174,12.15,14149,108.02970786375809,27.54,365128,53303,74207
Rajasthan,2016,81.70189731344836,85.26500196690128,14.35,15337,110.67710025198716,20.05,300168,77728,49016
Rajasthan,2017,83.44399566345626,87.33194166787506,12.02,14220,93.6570657412562,14.58,161302,77506,56157
Rajasthan,2018,86.48831669691307,89.1919395862629,10.58,16269,109.44739304021365,22.4,209379,35053,24446
Rajasthan,2019,84.80355470352376,95.06071331005698,5.03,19634,99.19681869789393,24.14,182154,12336,82779
Rajasthan,2020,86.9542893022655,91.73751473291777,8.56,21531,113.43582511970033,12.21,221907,74435,55631
Rajasthan,2021,88.3864997587164,87.82128847344583,11.9,19639,95.14907204013608,18.18,284828,30609,31478
Rajasthan,2022,88.79696454423005,88.27350108892828,11.52,22409,108.907830005227,29.18,390487,22999,70318
Rajasthan,2023,88.89924538722582,93.74665084557634,5.79,18289,104.49459536837878,21.72,275885,27368,30328
Rajasthan,2024,84.99091467927379,93.06428041481261,6.92,26528,122.97982446459174,28.45,254263,10126,67329
Kerala,2010,79.23055517340443,81.1357856829046,18.44,12493,56.148496430231056,28.21,184560,32116,51244
Kerala,2011,80.3595382414939,83.0765639066206,17.21,13579,39.31473189546991,14.55,344446,78244,26694
Kerala,2012,80.21486272790567,84.13706675403294,14.97,14617,44.2088032087022,10.09,163224,50738,40150
Kerala,2013,81.78369615703596,92.77018516377377,7.05,15931,36.316035645458214,28.37,287855,51914,85507
Kerala,2014,84.00084890309802,83.87055366959586,16.28,16110,24.602429658654362,13.31,169956,56240,52148
Kerala,2015,83.47595477317847,89.57191725816125,10.52,15039,43.37920425481547,29.22,330912,62853,39917
Kerala,2016,83.13602117476826,96.29651683199025,5.05,17602,55.893147787429555,21.91,323021,12482,39442
Kerala,2017,86.6125201216523,85.41490001228395,14.76,18287,37.5676344613509,26.73,370178,28449,48536
Kerala,2018,87.24212742025358,86.297972701579,13.2,19429,71.59028375036193,18.82,176737,21485,53565
Kerala,2019,88.8682549217852,81.49226787645547,18.46,19099,51.99789065330711,15.45,281026,62603,41399
Kerala,2020,88.84076600910448,88.99187683326677,10.12,17682,48.19638359651549,14.44,393671,40678,78230
Kerala,2021,84.94409057868457,81.51970012535162,18.44,24152,57.93992506139831,14.76,214929,44911,46821
Kerala,2022,90.3454405016779,91.68347197149961,7.9,26579,46.485866507529536,28.89,277157,76358,32327
Kerala,2023,87.11294778291578,89.95769513778008,10.5,25689,57.539234576009335,24.08,323952,33236,30358
Kerala,2024,90.23734911643997,88.57522986270223,11.15,22120,62.126256765653146,22.48,359829,11279,78197
West Bengal,2010,69.05748652062742,91.64161704210238,8.3,18332,68.34307639254682,19.42,318671,61920,43529
West Bengal,2011,69.98888314960014,83.7122210792978,15.97,19211,60.51287770142105,22.67,210774,33752,70029
West Bengal,2012,71.66510377450865,87.19942567592666,13.67,19518,69.8241169613251,23.66,206133,71268,53243
West Bengal,2013,71.88890515317593,80.84937861694105,18.99,20683,72.74030509421094,19.95,359483,11622,63756
West Bengal,2014,71.10517630992169,82.9662785217396,17.95,22852,66.70207457771285,22.01,197924,69052,26664
West Bengal,2015,72.37408188382493,86.15707588105913,14.25,22649,78.20777353538925,10.94,251371,48709,76120
West Bengal,2016,71.88744316846231,89.2910333636677,10.95,22363,46.74751170314089,17.11,372320,34762,26046
West Bengal,2017,75.40738764782267,94.42436657365876,5.76,23776,60.76372697976071,29.08,375685,31792,74129
West Bengal,2018,72.93524389892035,84.12689864910813,16.07,25665,65.77348099678575,21.94,216017,57304,47921
West Bengal,2019,76.46651434850727,84.2061637103272,14.83,25047,57.77034223036548,18.26,281132,65337,28350
West Bengal,2020,74.62832496244854,81.03055830292462,18.83,23349,62.23037909389507,26.15,156960,45772,36520
West Bengal,2021,82.15484637717837,87.11257898559217,13.31,25258,58.45820570256718,20.84,240327,10338,86431
West Bengal,2022,80.40475061097045,91.36555140826295,8.61,30415,69.42084868925316,28.07,227454,37935,52641
West Bengal,2023,81.16325082191311,94.2874050765982,5.01,29890,62.24996261758697,19.46,363382,54813,52198
West Bengal,2024,82.93223720740507,84.43379777471127,15.54,34391,74.3724422825602,26.89,187265,27850,81150
Madhya Pradesh,2010,59.94226671682306,82.00205275812775,18.85,15155,68.40890867621744,16.8,301734,33510,55998
Madhya Pradesh,2011,61.18033230309062,88.71344585776737,11.91,16208,74.63339519444843,27.72,229273,62393,81081
Madhya Pradesh,2012,61.8779562221392,93.08899799531699,6.88,16895,53.95159923199478,28.78,219346,49974,31371
Madhya Pradesh,2013,61.935152628579445,81.80572463852904,18.67,16734,97.17830794902613,15.43,291688,60072,39574
Madhya Pradesh,2014,64.3999643649981,90.87674648981597,8.94,17823,58.3946149191751,12.21,183933,34951,47413
Madhya Pradesh,2015,67.17537541617185,89.87806420658664,9.27,19717,72.74408697972592,10.9,285566,53001,82364
Madhya Pradesh,2016,67.83938092584866,80.87776700593523,18.66,19909,60.13892315598043,27.58,278301,39757,49636
Madhya Pradesh,2017,69.16327856453489,91.9314443842541,8.85,18973,79.74419989420343,14.61,214754,44157,55042
Madhya Pradesh,2018,66.65536306842498,83.17300345908535,16.69,20199,63.3782719579603,25.59,268533,60948,88781
Madhya Pradesh,2019,71.60433372860106,93.1383080103125,6.74,25500,81.72911484648064,23.92,262855,34578,43831
Madhya Pradesh,2020,69.00145701444099,89.19008090186256,10.66,25390,58.453283783893816,10.7,252979,44701,32674
Madhya Pradesh,2021,72.87329866822954,84.9320682947865,16.02,21652,63.97674975329848,23.1,214772,68762,65106
Madhya Pradesh,2022,69.13876515675594,84.60297945768104,16.21,21197,70.95975619424851,23.91,220831,51873,24903
Madhya Pradesh,2023,73.44591159072938,82.24939011672407,18.86,29401,25.099790542561635,21.85,300201,11591,26303
Madhya Pradesh,2024,74.65520811118773,88.41047739479997,11.51,24772,56.447948523272395,27.57,157314,29623,82675
Maharashtra,2010,69.44028699052492,82.48781224437356,17.66,19408,119.85354559925992,10.41,150769,69735,77955
Maharashtra,2011,70.5215230100767,79.25167872528961,19.99,20603,109.48569320761911,22.35,235305,38693,86932
Maharashtra,2012,71.18846908487318,85.10846721305914,15.63,21265,102.80502793436943,17.33,215725,45773,82435
Maharashtra,2013,72.53532313739316,88.30611022436604,11.11,21006,96.89532745774531,22.15,377348,20627,23792
Maharashtra,2014,74.54477706772066,92.23838778188131,7.87,22261,102.18830483502327,18.8,274358,58555,32159
Maharashtra,2015,71.23755101577505,93.09134873618358,6.36,22814,94.96194013955432,23.25,169457,76557,67995
Maharashtra,2016,71.86303943254903,94.24556658663066,5.46,25664,108.4778878923667,11.77,241387,11016,70591
Maharashtra,2017,77.46715995561964,90.79136878447514,8.79,25553,98.20346970996162,21.74,344776,49099,23571
Maharashtra,2018,74.22656065079228,84.13606236966208,15.56,24334,97.97880325054693,17.9,283767,58190,20258
Maharashtra,2019,75.00761729905366,90.4004386484255,9.33,28886,96.80771727906041,22.12,284633,36854,79505
Maharashtra,2020,74.58494348697032,92.67586560253747,7.05,28771,90.3413384914322,16.22,360647,73335,25965
Maharashtra,2021,80.79900978120999,87.49666695589015,12.92,25829,99.52248040475493,24.26,334064,16910,15206
Maharashtra,2022,79.22073136410239,79.82756860346873,19.62,26314,101.36278446604088,16.29,260687,28141,86910
Maharashtra,2023,79.97957758015131,91.44027071350693,8.67,27990,93.23131829606528,11.54,225450,32299,58585
Maharashtra,2024,82.19174479963664,85.03897957615278,15.57,27442,87.63263859583199,18.33,324013,31834,33047
Tamil Nadu,2010,78.89447885392754,83.1634018177433,16.58,18753,72.11761823407288,26.36,205016,19474,73053
Tamil Nadu,2011,80.76687777587377,85.9010405546262,13.74,19408,69.51110343659467,28.86,243557,71087,83840
Tamil Nadu,2012,81.94590200270127,80.85473768740988,19.03,20108,63.26779547437309,14.94,215318,33664,82172
Tamil Nadu,2013,81.54054421561294,81.13986260418035,19.45,21533,67.44432645525556,15.57,157392,65680,61717
Tamil Nadu,2014,82.68167995988958,87.43705381547669,12.66,23512,74.34066108143007,14.84,220467,62662,27688
Tamil Nadu,2015,85.2223450754135,85.2543928526962,14.48,23466,79.05221070915906,11.81,306256,52107,66663
Tamil Nadu,2016,83.64964574980054,89.10193832559402,11.14,24598,91.68616324869572,10.33,184754,21411,17911
Tamil Nadu,2017,84.21979018420707,93.55885392508179,5.89,24201,85.57980229653354,23.51,354728,49384,62254
Tamil Nadu,2018,86.73346552955923,90.78067975522147,9.56,24032,76.50644195247644,13.5,371807,26371,17049
Tamil Nadu,2019,91.55828575083224,94.68430365385089,5.52,26770,69.00011282416482,15.58,323714,25151,66407
Tamil Nadu,2020,91.39073521348651,93.15609576443056,6.69,29212,80.36381801739729,22.84,293946,42711,20539
Tamil Nadu,2021,92.58634773024502,88.68070710077637,10.9,24323,73.61310719804385,10.1,328047,31357,17869
Tamil Nadu,2022,89.48336602046341,94.47665953885827,5.08,26230,65.21722104002042,10.36,241412,13987,73871
Tamil Nadu,2023,92.37835887440424,93.00740866817296,7.26,31237,61.56254321198099,17.35,169830,27429,21893
Tamil Nadu,2024,92.52759864298655,95.29449025124454,5.32,30523,74.38981250776078,28.12,180746,59377,63404
Bihar,2010,72.48352697003828,90.52134612648561,9.16,14922,79.67333492209418,13.54,274123,28589,58484
Bihar,2011,74.11585424007117,93.47919335177575,6.75,15946,81.46187460354983,29.06,153420,10301,60236
Bihar,2012,73.68404942853432,93.65648649069897,5.3,16028,71.7036363989543,15.37,366386,36641,49584
Bihar,2013,74.08321930106163,92.3676911346714,7.34,18375,78.91601504367688,11.41,392289,14014,26093
Bihar,2014,76.3055851637468,83.79447053356455,16.19,17749,96.28334212652672,12.73,359141,64748,20801
Bihar,2015,77.79533816142407,91.69515829150909,7.85,20457,81.91801856134366,28.26,368617,12368,21655
Bihar,2016,76.89546363067005,80.29174681260521,19.24,21646,78.04502191742333,18.77,274862,62921,64726
Bihar,2017,81.39995234369803,92.24611022176556,7.42,22638,86.50620895878363,15.01,220313,63006,30338
Bihar,2018,76.97719223013156,87.97609636416318,12.17,23234,90.8558398218626,11.71,347484,68335,71179
Bihar,2019,80.57300485677347,90.3963354907968,9.51,20294,69.44050257852099,12.65,383841,27019,88847
Bihar,2020,79.79896293566962,85.46088438333751,13.42,20472,90.00138375697283,18.18,216617,26896,61175
Bihar,2021,82.04604429592716,89.65964992368247,9.28,25506,93.65856946750807,15.6,284415,23500,68222
Bihar,2022,85.16865410663276,86.23656741107142,13.46,27055,83.33945384914531,13.17,353861,71389,24435
Bihar,2023,79.17714253849833,80.83884329302677,19.39,29207,79.14375000202622,24.07,376507,53919,50247
Bihar,2024,87.84104768600466,83.81624757863739,14.81,26476,78.45758313713908,28.98,247379,78385,55158
Karnataka,2010,60.529646290203246,90.01013491192418,9.74,19201,85.24691402192992,28.88,312049,59115,75890
Karnataka,2011,62.09087064469939,89.89687607174129,9.84,20102,85.28116259273474,26.41,253691,48304,84449
Karnataka,2012,62.45075559836343,84.80416888910422,15.89,20501,78.06198613078104,17.55,247532,37350,40351
Karnataka,2013,62.70600207453288,90.02748909414356,9.78,21416,85.22750941064616,23.86,188513,36092,26338
Karnataka,2014,64.4632910648269,91.22149449237047,8.97,23450,69.66589830954901,15.64,194425,48756,33888
Karnataka,2015,65.09998607146956,88.71062857004374,11.36,24262,82.94465078822913,21.61,369798,17357,47479
Karnataka,2016,66.65114231512395,85.3647167600964,13.57,25354,82.0597757579057,25.09,302424,65069,29397
Karnataka,2017,67.3266936237633,86.22410360831587,14.16,24159,89.9630206300446,23.54,313379,64098,75921
Karnataka,2018,67.98826766554137,86.83769825272815,13.27,24843,82.23182350534928,16.57,292202,70566,81703
Karnataka,2019,69.67733922434394,81.6241343198373,18.63,26816,88.34899159329356,18.83,188102,16801,87267
Karnataka,2020,70.29234015293245,94.51311885321816,7.45,30269,74.22744738047419,26.77,171677,56732,65343
Karnataka,2021,65.76643685523516,91.2879435302507,7.67,30139,93.91798585246256,28.94,318152,11324,50909
Karnataka,2022,71.84419298074467,88.09234832488056,12.77,28376,77.40739978573026,24.1,175289,65129,30485
Karnataka,2023,71.97020695397222,80.02627624029982,19.83,29966,91.54016817741793,24.92,389564,71629,81040
Karnataka,2024,70.7315528605143,84.43366445220151,15.71,34713,79.62836554242023,14.47,264821,77641,51395
Gujarat,2010,83.92654450865903,93.84724387734938,6.13,14672,82.48191571113497,11.51,221726,27640,67528
Gujarat,2011,85.69832637626365,86.60788183330097,13.18,15611,65.13578959563539,21.69,300159,51430,39504
Gujarat,2012,87.3228520773315,94.09508353588062,5.62,15753,61.19215165276403,16.71,159337,56427,76529
Gujarat,2013,87.11947665533253,83.6047543677865,16.56,16730,71.28578535958293,17.21,154835,30159,62605
Gujarat,2014,87.03802384290292,83.44141315166416,15.8,17823,57.06447671485051,12.66,272402,55445,20713
Gujarat,2015,88.03160245571527,89.09528958376089,11.28,20389,81.92064631165474,11.65,208141,33793,71570
Gujarat,2016,86.92909466662908,80.19190279755738,19.6,19253,75.19432730234341,17.62,170309,16970,87474
Gujarat,2017,91.49066682597774,80.38496533047983,19.05,18352,60.45517133476976,12.68,150404,50943,62926
Gujarat,2018,93.12866008057894,91.9649935710021,7.81,24270,74.26272555568298,25.38,160916,14809,47201
Gujarat,2019,91.20458349177247,84.2485746084313,16.38,20463,75.6885075015737,15.03,203932,27100,72091
Gujarat,2020,91.71409707092452,89.81233245649189,9.92,23998,62.304964415459594,23.43,339089,71877,58125
Gujarat,2021,96.62811500470032,84.79922680910481,15.38,26458,69.36677298594287,29.36,275917,34285,52626
Gujarat,2022,94.06794388604081,81.64452186214227,17.99,20913,75.86467809907505,24.08,203682,69494,80215
Gujarat,2023,92.16250117245055,85.63896092496182,14.74,26540,78.77581694752118,17.84,304458,71886,68413
Gujarat,2024,95.54824088480993,94.0027538693951,6.34,24592,92.2513788942412,25.93,395897,65479,34963
Uttar Pradesh,2010,62.12392006404062,84.06430441664821,16.86,8550,97.5567160687639,16.83,287326,27144,39214
Uttar Pradesh,2011,62.27850656244854,82.19221802725039,17.72,9147,83.22620042726018,16.91,364879,43434,84724
Uttar Pradesh,2012,64.15429613943162,89.36432740237896,10.97,9863,92.4813148467369,26.44,368577,46668,38061
Uttar Pradesh,2013,64.10423421320627,81.85903376976947,18.19,11017,86.86745170977058,20.07,262428,33624,38321
Uttar Pradesh,2014,66.14391787814482,90.06793589093151,10.58,10779,74.82495671984677,27.47,300334,62796,19432
Uttar Pradesh,2015,65.38914803952483,91.73058380619564,7.91,13669,92.25910332296256,17.41,261317,18717,43699
Uttar Pradesh,2016,66.7462536686549,87.31250265643864,13.06,14689,84.44183625364575,10.73,392999,15126,20122
Uttar Pradesh,2017,69.35752363522856,87.58265135194166,12.32,14657,95.94621082837969,20.65,316926,56271,88688
Uttar Pradesh,2018,69.3703951663305,82.69790591144576,17.27,15708,86.73760893105245,26.81,287301,66793,62915
Uttar Pradesh,2019,67.10759540298947,85.18587624222418,14.86,16036,104.18822894239182,19.59,287443,36069,27910
Uttar Pradesh,2020,70.886821705312,86.59612019821334,13.53,14443,76.98164514619675,15.68,344053,64553,63447
Uttar Pradesh,2021,72.57810356497016,85.28188547843902,14.66,21646,80.52111064915901,12.04,266421,11605,86158
Uttar Pradesh,2022,71.19839581713916,92.86735659158526,7.24,15288,96.55702788845079,26.12,366727,37446,28046
Uttar Pradesh,2023,68.51937318820711,81.05905902878109,19.73,21392,101.73745392647463,10.11,281189,23234,68441
Uttar Pradesh,2024,73.97159335005554,89.0627248428076,11.43,18294,93.46151722757924,25.39,287541,40105,57101
Rajasthan,2010,77.92370334890455,91.04457729624845,9.39,10394,96.3265247566031,28.64,255292,57362,35128
Rajasthan,2011,78.93786860626965,86.58223023698807,13.19,11278,86.08859594262663,20.98,189809,15287,49387
Rajasthan,2012,79.56023674417987,89.77537958588583,9.78,12458,94.98005274548379,18.24,374861,52078,27219
Rajasthan,2013,81.00846128071552,82.33765027911888,18.14,13428,124.19532676100812,28.77,234555,15415,51159
Rajasthan,2014,81.2964391431068,93.06802339626489,7.37,12785,93.9307305492576,13.27,236740,25524,34282
Rajasthan,2015,82.74128997524414,88.58633533787548,12.15,14149,109.50759151728136,27.54,365128,53303,74207
Rajasthan,2016,82.49565443690823,85.34800968701539,14.35,15337,115.57032682989733,20.05,300168,77728,49016
Rajasthan,2017,83.99367278800999,87.86522567231982,12.02,14220,92.28236583591456,14.58,161302,77506,56157
Rajasthan,2018,87.28548747581914,88.60025791873728,10.58,16269,103.89820387927041,22.4,209379,35053,24446
Rajasthan,2019,86.2474388930249,94.77376444696957,5.03,19634,98.88042909934164,24.14,182154,12336,82779
Rajasthan,2020,87.09144063433371,91.93828525528973,8.56,21531,107.83919329090128,12.21,221907,74435,55631
Rajasthan,2021,87.72673692874267,87.86675231038589,11.9,19639,97.10945916424309,18.18,284828,30609,31478
Rajasthan,2022,88.89051077935186,88.80023989760042,11.52,22409,115.01565791546646,29.18,390487,22999,70318
Rajasthan,2023,87.83158402602209,94.11474844700109,5.79,18289,107.1606906252529,21.72,275885,27368,30328
Rajasthan,2024,85.14984397587632,93.24202851411079,6.92,26528,113.5497418924926,28.45,254263,10126,67329
Kerala,2010,78.95432155310408,80.98615430509217,18.44,12493,58.445934190573176,28.21,184560,32116,51244
Kerala,2011,79.63569165912513,82.83260472481696,17.21,13579,39.8452102415296,14.55,344446,78244,26694
Kerala,2012,80.65318200937755,83.53443201454964,14.97,14617,44.129660863227635,10.09,163224,50738,40150
Kerala,2013,82.26914153571683,92.85655192091902,7.05,15931,40.712233739303954,28.37,287855,51914,85507
Kerala,2014,83.85063578836804,82.90476337814243,16.28,16110,31.470131222337944,13.31,169956,56240,52148
Kerala,2015,83.96441650629949,90.08299725827341,10.52,15039,43.16510355889578,29.22,330912,62853,39917
Kerala,2016,83.49110747231762,95.33870367638225,5.05,17602,58.49728250507236,21.91,323021,12482,39442
Kerala,2017,86.82037658974428,85.47333549098303,14.76,18287,43.93901605663624,26.73,370178,28449,48536
Kerala,2018,88.9208415570902,87.56050311357968,13.2,19429,70.36973081559091,18.82,176737,21485,53565
Kerala,2019,88.88275482281577,81.06554173958759,18.46,19099,59.72295453356392,15.45,281026,62603,41399
Kerala,2020,88.4096186204221,90.75368159895777,10.12,17682,53.85618400902951,14.44,393671,40678,78230
Kerala,2021,85.30667081055228,82.0260957821302,18.44,24152,56.35865014386019,14.76,214929,44911,46821
Kerala,2022,90.54057919244138,91.98172235639052,7.9,26579,40.29061493566658,28.89,277157,76358,32327
Kerala,2023,87.21487637704136,90.06781007359147,10.5,25689,53.47546325282322,24.08,323952,33236,30358
Kerala,2024,90.33659067563498,88.29685324379417,11.15,22120,65.50615550427543,22.48,359829,11279,78197
West Bengal,2010,69.00077200800811,91.28774291923617,8.3,18332,71.77579046926101,19.42,318671,61920,43529
West Bengal,2011,68.96785088185531,83.72570513838015,15.97,19211,71.29808642415914,22.67,210774,33752,70029
West Bengal,2012,70.86548837135699,86.06551114596799,13.67,19518,70.86931599696972,23.66,206133,71268,53243
West Bengal,2013,71.18473977289536,80.48172117861988,18.99,20683,75.07851573260496,19.95,359483,11622,63756
West Bengal,2014,70.80973827509763,82.66154153354766,17.95,22852,66.18995100203895,22.01,197924,69052,26664
West Bengal,2015,73.32428920221031,85.62057279981508,14.25,22649,71.72075254976843,10.94,251371,48709,76120
West Bengal,2016,73.2549522521757,89.22625248417843,10.95,22363,52.68023799725266,17.11,372320,34762,26046
West Bengal,2017,75.75733576491149,93.95482431679315,5.76,23776,58.633042256718205,29.08,375685,31792,74129
West Bengal,2018,72.6420584689824,83.01969834972574,16.07,25665,65.63233312302268,21.94,216017,57304,47921
West Bengal,2019,76.78230133411007,85.30502867919571,14.83,25047,59.94211444189897,18.26,281132,65337,28350
West Bengal,2020,75.19831574332282,80.21387251229011,18.83,23349,63.259556447374614,26.15,156960,45772,36520
West Bengal,2021,81.5851085478403,86.65568297695727,13.31,25258,62.631450579560685,20.84,240327,10338,86431
West Bengal,2022,80.37299141666354,90.7058424805836,8.61,30415,69.64495675445087,28.07,227454,37935,52641
West Bengal,2023,80.9273440973646,95.9836379996154,5.01,29890,67.11266105702104,19.46,363382,54813,52198
West Bengal,2024,82.50755084345889,84.91568136108735,15.54,34391,79.19740861768878,26.89,187265,27850,81150
Madhya Pradesh,2010,61.25414021692193,81.20287689563574,18.85,15155,66.84218765727432,16.8,301734,33510,55998
Madhya Pradesh,2011,61.58952592569611,88.72185333882734,11.91,16208,75.03649080389614,27.72,229273,62393,81081
Madhya Pradesh,2012,62.15976622195352,92.69684201126714,6.88,16895,53.51969402473942,28.78,219346,49974,31371
Madhya Pradesh,2013,62.09625391109895,81.60173968933505,18.67,16734,87.89651479342221,15.43,291688,60072,39574
Madhya Pradesh,2014,63.88127084983829,91.15990521685936,8.94,17823,62.76167465688765,12.21,183933,34951,47413
Madhya Pradesh,2015,66.77119067891388,90.86201004066685,9.27,19717,67.1164311807019,10.9,285566,53001,82364
Madhya Pradesh,2016,67.04358342395412,81.97617675005338,18.66,19909,64.4574098603842,27.58,278301,39757,49636
Madhya Pradesh,2017,70.13348192561669,91.51624605138991,8.85,18973,74.94453812472153,14.61,214754,44157,55042
Madhya Pradesh,2018,65.71018190719269,83.45436183141251,16.69,20199,64.44016694922328,25.59,268533,60948,88781
Madhya Pradesh,2019,71.64234236287595,92.43255628188585,6.74,25500,80.20822432221628,23.92,262855,34578,43831
Madhya Pradesh,2020,69.63629541593654,88.85997685236028,10.66,25390,55.60573212551,10.7,252979,44701,32674
Madhya Pradesh,2021,72.47081713353349,83.91864553320214,16.02,21652,70.22209889305543,23.1,214772,68762,65106
Madhya Pradesh,2022,68.40959559400962,83.83668618713833,16.21,21197,67.71623766950187,23.91,220831,51873,24903
Madhya Pradesh,2023,72.87717184271496,80.57489813766304,18.86,29401,33.93344016244011,21.85,300201,11591,26303
Madhya Pradesh,2024,75.20129205171358,89.69583833778921,11.51,24772,57.40397706620322,27.57,157314,29623,82675
Maharashtra,2010,69.08407092705377,83.0981970276268,17.66,19408,118.21626295616412,10.41,150769,69735,77955
Maharashtra,2011,71.79909964283412,80.31105916019625,19.99,20603,106.03729313495437,22.35,235305,38693,86932
Maharashtra,2012,70.6878762006713,84.40601843064188,15.63,21265,95.1920033057179,17.33,215725,45773,82435
Maharashtra,2013,72.03227565159851,88.78389551504942,11.11,21006,92.44408409169674,22.15,377348,20627,23792
Maharashtra,2014,74.84105497628393,91.65404076998888,7.87,22261,106.72010744072767,18.8,274358,58555,32159
Maharashtra,2015,72.98304644407956,93.67874025925943,6.36,22814,99.91213126341647,23.25,169457,76557,67995
Maharashtra,2016,74.1707517883182,94.66887627007138,5.46,25664,106.20448474477138,11.77,241387,11016,70591
Maharashtra,2017,77.60418311529656,90.58911971225918,8.79,25553,106.18054443397304,21.74,344776,49099,23571
Maharashtra,2018,75.42203126290573,84.60708820862244,15.56,24334,94.29096774682289,17.9,283767,58190,20258
Maharashtra,2019,75.4162634746006,90.59237047558763,9.33,28886,94.90743179672313,22.12,284633,36854,79505
Maharashtra,2020,75.55918053808333,91.99609622106131,7.05,28771,93.57366463143968,16.22,360647,73335,25965
Maharashtra,2021,81.42440714183573,86.64980749461024,12.92,25829,95.32247393167783,24.26,334064,16910,15206
Maharashtra,2022,78.54090055828885,80.17319723328917,19.62,26314,97.35923483063726,16.29,260687,28141,86910
Maharashtra,2023,79.59831277129452,92.2738438286701,8.67,27990,99.4889967364134,11.54,225450,32299,58585
Maharashtra,2024,82.39490768873753,84.70827656226689,15.57,27442,85.77779690681642,18.33,324013,31834,33047
Tamil Nadu,2010,79.96338597533637,82.75225921545005,16.58,18753,71.10821619281533,26.36,205016,19474,73053
Tamil Nadu,2011,81.38819372372836,86.50301814470882,13.74,19408,70.90141805836454,28.86,243557,71087,83840
Tamil Nadu,2012,82.22765260428525,80.19634800553082,19.03,20108,65.0368509795176,14.94,215318,33664,82172
Tamil Nadu,2013,82.32420344314592,81.09134552694353,19.45,21533,67.64328952845112,15.57,157392,65680,61717
Tamil Nadu,2014,83.32876504052763,87.10443767409106,12.66,23512,72.09140314127319,14.84,220467,62662,27688
Tamil Nadu,2015,84.65915544293325,85.47318190563041,14.48,23466,74.56901983508276,11.81,306256,52107,66663
Tamil Nadu,2016,83.26317027036013,89.52289832377109,11.14,24598,97.33344254246238,10.33,184754,21411,17911
Tamil Nadu,2017,83.8015888396986,93.46641821570788,5.89,24201,82.98266360165663,23.51,354728,49384,62254
Tamil Nadu,2018,86.28673169146347,89.7414409074435,9.56,24032,70.11321110371273,13.5,371807,26371,17049
Tamil Nadu,2019,90.91865965707865,94.188200336827,5.52,26770,70.25624637258682,15.58,323714,25151,66407
Tamil Nadu,2020,91.40912624580835,93.82918942550965,6.69,29212,71.33156724211045,22.84,293946,42711,20539
Tamil Nadu,2021,93.35672487162105,88.34032696226157,10.9,24323,73.9377088540317,10.1,328047,31357,17869
Tamil Nadu,2022,90.26540584227739,93.50392220094471,5.08,26230,66.1521617646904,10.36,241412,13987,73871
Tamil Nadu,2023,92.08790658783539,92.5144205707955,7.26,31237,64.62502521773838,17.35,169830,27429,21893
Tamil Nadu,2024,93.8970462831671,94.95587039995547,5.32,30523,71.0265098007231,28.12,180746,59377,63404
Bihar,2010,73.18051684776268,91.44013087486942,9.16,14922,83.43688388115378,13.54,274123,28589,58484
Bihar,2011,73.55104885173431,93.0184193189573,6.75,15946,86.32299901431072,29.06,153420,10301,60236
Bihar,2012,74.25675795057509,94.494286696442,5.3,16028,76.46920035320183,15.37,366386,36641,49584
Bihar,2013,74.41028038163826,93.23695036712787,7.34,18375,84.73519511804562,11.41,392289,14014,26093
Bihar,2014,75.38389661196447,82.87512915015229,16.19,17749,96.84038452122458,12.73,359141,64748,20801
Bihar,2015,78.4443743098521,91.95573961240851,7.85,20457,83.41287920567981,28.26,368617,12368,21655
Bihar,2016,78.17229315296731,80.85521194496253,19.24,21646,80.99639434863259,18.77,274862,62921,64726
Bihar,2017,81.6516217641361,92.80460936064252,7.42,22638,82.67158105490026,15.01,220313,63006,30338
Bihar,2018,77.03557528910686,87.57509665340456,12.17,23234,89.81067959490926,11.71,347484,68335,71179
Bihar,2019,79.10019128335549,90.50722050585291,9.51,20294,70.11705458938525,12.65,383841,27019,88847
Bihar,2020,79.5304431234556,85.3358363232935,13.42,20472,90.03404602159759,18.18,216617,26896,61175
Bihar,2021,81.40578031721859,90.39087579383308,9.28,25506,95.96563460383445,15.6,284415,23500,68222
Bihar,2022,84.2515838570924,86.76675435627725,13.46,27055,86.84249477301263,13.17,353861,71389,24435
Bihar,2023,79.40619870685067,80.11885298287265,19.39,29207,75.91457859597382,24.07,376507,53919,50247
Bihar,2024,87.23698174906588,85.2194921107948,14.81,26476,82.50737674077786,28.98,247379,78385,55158
Karnataka,2010,59.58264846636661,90.48343625040135,9.74,19201,84.5472373737721,28.88,312049,59115,75890
Karnataka,2011,61.69680005328485,89.98872539957111,9.84,20102,87.99004935689287,26.41,253691,48304,84449
Karnataka,2012,61.403649580169045,84.19523188549829,15.89,20501,81.44994979756859,17.55,247532,37350,40351
Karnataka,2013,62.10504158214486,89.73863371735769,9.78,21416,84.13340124479313,23.86,188513,36092,26338
Karnataka,2014,63.40386889335918,90.92669436015198,8.97,23450,70.20872892512152,15.64,194425,48756,33888
Karnataka,2015,64.8562425474747,88.94510808479461,11.36,24262,78.27941884055231,21.61,369798,17357,47479
Karnataka,2016,67.87612579833487,86.50848648048422,13.57,25354,85.4355852228308,25.09,302424,65069,29397
Karnataka,2017,67.15062960727393,85.54673436521803,14.16,24159,83.52674179211651,23.54,313379,64098,75921
Karnataka,2018,67.69145187170686,86.8421082021454,13.27,24843,82.03699695023543,16.57,292202,70566,81703
Karnataka,2019,69.55889396981911,81.72730489531831,18.63,26816,86.94063566982523,18.83,188102,16801,87267
Karnataka,2020,70.43438712803751,91.52502936071126,7.45,30269,80.05294249930593,26.77,171677,56732,65343
Karnataka,2021,65.94080728040585,92.90953703247794,7.67,30139,96.3185728382849,28.94,318152,11324,50909
Karnataka,2022,72.48089594990974,87.06187263065947,12.77,28376,80.12782789099538,24.1,175289,65129,30485
Karnataka,2023,71.75304013919235,80.38274496662012,19.83,29966,89.53165025598285,24.92,389564,71629,81040
Karnataka,2024,71.67346661194216,84.88862346182262,15.71,34713,76.10679156762696,14.47,264821,77641,51395
Gujarat,2010,84.39992296176003,93.18416315138477,6.13,14672,85.19954377380472,11.51,221726,27640,67528
Gujarat,2011,85.32816312491153,86.46527949878622,13.18,15611,64.4380473426948,21.69,300159,51430,39504
Gujarat,2012,86.29100870662172,94.23572565206214,5.62,15753,66.4484730530169,16.71,159337,56427,76529
Gujarat,2013,86.34655982298007,83.04812323943779,16.56,16730,67.34152982988874,17.21,154835,30159,62605
Gujarat,2014,86.42676055404924,85.0674682879184,15.8,17823,57.20183472678289,12.66,272402,55445,20713
Gujarat,2015,88.59368275340809,88.2916139530866,11.28,20389,78.47860215383788,11.65,208141,33793,71570
Gujarat,2016,88.09679231311662,80.12222661025658,19.6,19253,72.52319587293161,17.62,170309,16970,87474
Gujarat,2017,90.33841052465982,81.05219451580149,19.05,18352,62.6904925518373,12.68,150404,50943,62926
Gujarat,2018,94.03634428447977,91.58892523696196,7.81,24270,71.02706272666055,25.38,160916,14809,47201
Gujarat,2019,91.19443819947871,83.42215964412188,16.38,20463,75.02621148955072,15.03,203932,27100,72091
Gujarat,2020,91.03931635282578,90.23872663062508,9.92,23998,61.099425311317006,23.43,339089,71877,58125
Gujarat,2021,95.97639416042608,84.45356979780875,15.38,26458,74.70712183852547,29.36,275917,34285,52626
Gujarat,2022,92.62787986986353,81.96330657055003,17.99,20913,76.35100202422382,24.08,203682,69494,80215
Gujarat,2023,91.52202269818052,84.99533394377582,14.74,26540,86.9279070116013,17.84,304458,71886,68413
Gujarat,2024,96.23842194854622,92.9027648454096,6.34,24592,94.02557793116421,25.93,395897,65479,34963
Uttar Pradesh,2010,61.51933622144089,83.30079660566962,16.86,8550,94.01807870939966,16.83,287326,27144,39214
Uttar Pradesh,2011,62.283495358612434,83.15746653582362,17.72,9147,84.99740593029885,16.91,364879,43434,84724
Uttar Pradesh,2012,64.27796960885205,89.03920081539172,10.97,9863,94.64244920659876,26.44,368577,46668,38061
Uttar Pradesh,2013,62.55872707155673,81.92263205862378,18.19,11017,92.27635309754768,20.07,262428,33624,38321
Uttar Pradesh,2014,65.62547366132685,89.76636137755843,10.58,10779,81.52244779489727,27.47,300334,62796,19432
Uttar Pradesh,2015,65.51713233981091,91.45533475172665,7.91,13669,86.36076577609337,17.41,261317,18717,43699
Uttar Pradesh,2016,65.58285528841537,87.7912573290648,13.06,14689,86.8024546827177,10.73,392999,15126,20122
Uttar Pradesh,2017,69.68677896608332,87.7811643982114,12.32,14657,94.60675780817816,20.65,316926,56271,88688
Uttar Pradesh,2018,69.1117090976883,83.54592844954456,17.27,15708,82.1466341244487,26.81,287301,66793,62915
Uttar Pradesh,2019,67.86321499121676,84.77348350223801,14.86,16036,104.64192693173166,19.59,287443,36069,27910
Uttar Pradesh,2020,71.85217925885127,87.37903096127891,13.53,14443,79.71539020724879,15.68,344053,64553,63447
Uttar Pradesh,2021,70.74243409204725,85.72757774701739,14.66,21646,75.9391136616901,12.04,266421,11605,86158
Uttar Pradesh,2022,72.33236967722858,93.03652004292618,7.24,15288,104.55163172382545,26.12,366727,37446,28046
Uttar Pradesh,2023,68.26270421160098,80.38701222717657,19.73,21392,99.73081622635584,10.11,281189,23234,68441
Uttar Pradesh,2024,73.70487378149281,88.44573569096276,11.43,18294,97.40485035854121,25.39,287541,40105,57101
Rajasthan,2010,77.87028459861547,91.21026582923693,9.39,10394,102.29841025094332,28.64,255292,57362,35128
Rajasthan,2011,79.10431867471436,86.88017993492403,13.19,11278,89.8263978485541,20.98,189809,15287,49387
Rajasthan,2012,78.6220890905108,89.23646514820642,9.78,12458,94.2821358723618,18.24,374861,52078,27219
Rajasthan,2013,81.33083992492398,81.3014067691465,18.14,13428,128.23200833793223,28.77,234555,15415,51159
Rajasthan,2014,81.59440825016529,92.53707712390363,7.37,12785,95.02521599474109,13.27,236740,25524,34282
Rajasthan,2015,82.94655280363156,88.00499949158277,12.15,14149,110.99933883755308,27.54,365128,53303,74207
Rajasthan,2016,82.70822077763862,85.62170575555005,14.35,15337,115.11454617834559,20.05,300168,77728,49016
Rajasthan,2017,83.00648608045833,88.58948539489684,12.02,14220,95.85674456397498,14.58,161302,77506,56157
Rajasthan,2018,86.62620488967565,88.44444906798068,10.58,16269,103.54102968318101,22.4,209379,35053,24446
Rajasthan,2019,85.92307194152318,95.04179396825258,5.03,19634,94.14047265665553,24.14,182154,12336,82779
Rajasthan,2020,86.2239304940072,90.53101038730642,8.56,21531,110.06923718391161,12.21,221907,74435,55631
Rajasthan,2021,85.67932475825269,88.47985614774208,11.9,19639,97.02872282200016,18.18,284828,30609,31478
Rajasthan,2022,89.01827990207883,88.432770642779,11.52,22409,114.99736014059707,29.18,390487,22999,70318
Rajasthan,2023,88.9319674205431,94.41980498601205,5.79,18289,98.60528578571866,21.72,275885,27368,30328
Rajasthan,2024,83.76853378222908,92.64805851970512,6.92,26528,119.33566039516475,28.45,254263,10126,67329
Kerala,2010,78.77513464764503,82.19973246582887,18.44,12493,61.20426767596955,28.21,184560,32116,51244
Kerala,2011,80.20957713050261,83.31086233202943,17.21,13579,41.647367231053344,14.55,344446,78244,26694
Kerala,2012,81.38874773485585,85.32177215150594,14.97,14617,47.703821517047636,10.09,163224,50738,40150
Kerala,2013,81.66039685383771,92.88524137656829,7.05,15931,40.535340222752616,28.37,287855,51914,85507
Kerala,2014,83.47599852938544,84.00992864264757,16.28,16110,30.91057572424269,13.31,169956,56240,52148
Kerala,2015,83.71855177944758,89.12655371600633,10.52,15039,44.0021184389493,29.22,330912,62853,39917
Kerala,2016,83.3274382095741,95.37777782951036,5.05,17602,62.802432477520775,21.91,323021,12482,39442
Kerala,2017,86.37701791043773,86.06474044716195,14.76,18287,45.39519918358256,26.73,370178,28449,48536
Kerala,2018,87.22040399667488,87.33530527998958,13.2,19429,73.41508034781799,18.82,176737,21485,53565
Kerala,2019,88.35862823890898,81.1751987650963,18.46,19099,52.6435752197138,15.45,281026,62603,41399
Kerala,2020,88.81333569587065,90.06070865863654,10.12,17682,52.22897176737286,14.44,393671,40678,78230
Kerala,2021,84.9913351579974,80.91342922812068,18.44,24152,58.79450588365061,14.76,214929,44911,46821
Kerala,2022,91.16233922923477,92.38619515558783,7.9,26579,45.75776360522898,28.89,277157,76358,32327
Kerala,2023,86.73153963655801,89.72530170643127,10.5,25689,60.1890606650436,24.08,323952,33236,30358
Kerala,2024,89.87382324893686,87.91509183023392,11.15,22120,61.003321977922795,22.48,359829,11279,78197
West Bengal,2010,68.92409436554222,91.11910807804382,8.3,18332,68.41351554175081,19.42,318671,61920,43529
West Bengal,2011,68.79840459565168,83.88843055162812,15.97,19211,59.69021800353159,22.67,210774,33752,70029
West Bengal,2012,71.41155488857358,86.17957012642958,13.67,19518,72.66583501740567,23.66,206133,71268,53243
West Bengal,2013,71.5710814014936,80.40526153229061,18.99,20683,70.05287727796993,19.95,359483,11622,63756
West Bengal,2014,71.00976004320468,82.24448936467608,17.95,22852,68.09759181953349,22.01,197924,69052,26664
West Bengal,2015,74.62655378392243,85.87573680447025,14.25,22649,74.26105085803582,10.94,251371,48709,76120
West Bengal,2016,72.56937645418284,88.95286543401073,10.95,22363,53.56808272504025,17.11,372320,34762,26046
West Bengal,2017,75.1841044749524,93.86210424992082,5.76,23776,48.86748067580787,29.08,375685,31792,74129
West Bengal,2018,73.02682120189722,84.45435356320829,16.07,25665,65.26016897302227,21.94,216017,57304,47921
West Bengal,2019,77.13422285459838,85.99770355654415,14.83,25047,58.462543727506905,18.26,281132,65337,28350
West Bengal,2020,74.65663520526887,80.92821925807674,18.83,23349,60.92909083722495,26.15,156960,45772,36520
West Bengal,2021,81.17086101084132,86.3839165414226,13.31,25258,63.9586796369069,20.84,240327,10338,86431
West Bengal,2022,80.8996144672876,91.635603832706,8.61,30415,63.09801162343269,28.07,227454,37935,52641
West Bengal,2023,80.58592795723051,94.8109853101265,5.01,29890,67.79538853170699,19.46,363382,54813,52198
West Bengal,2024,83.83664888810878,84.39030139966837,15.54,34391,77.72875836611824,26.89,187265,27850,81150
Madhya Pradesh,2010,61.470024032857324,81.51982657586234,18.85,15155,69.08455775760655,16.8,301734,33510,55998
Madhya Pradesh,2011,61.426339052170626,87.13532195624636,11.91,16208,74.41843274566749,27.72,229273,62393,81081
Madhya Pradesh,2012,62.59050818086756,93.77915116242634,6.88,16895,49.05109330262872,28.78,219346,49974,31371
Madhya Pradesh,2013,62.5739277552637,81.36634026216467,18.67,16734,95.3682097224322,15.43,291688,60072,39574
Madhya Pradesh,2014,64.5263868375611,90.85425342771892,8.94,17823,60.87596392499033,12.21,183933,34951,47413
Madhya Pradesh,2015,66.65236640864724,90.68538292288927,9.27,19717,66.06518795996973,10.9,285566,53001,82364
Madhya Pradesh,2016,66.80682167250457,81.32121467751027,18.66,19909,61.98208495661019,27.58,278301,39757,49636
Madhya Pradesh,2017,68.94822508384127,90.28439934827755,8.85,18973,78.63914796154418,14.61,214754,44157,55042
Madhya Pradesh,2018,66.42498040879057,84.05746911372663,16.69,20199,65.29329266463976,25.59,268533,60948,88781
Madhya Pradesh,2019,71.36261233394673,93.28066281613532,6.74,25500,78.27230804042114,23.92,262855,34578,43831
Madhya Pradesh,2020,68.968175768379,89.5615010652237,10.66,25390,51.647232030549176,10.7,252979,44701,32674
Madhya Pradesh,2021,72.70243871032532,84.45577488528703,16.02,21652,70.5296695572111,23.1,214772,68762,65106
Madhya Pradesh,2022,69.50179953279674,83.27941877121985,16.21,21197,65.78903793016808,23.91,220831,51873,24903
Madhya Pradesh,2023,74.67126245962157,81.37673594951761,18.86,29401,25.237983605632763,21.85,300201,11591,26303
Madhya Pradesh,2024,74.03623354287285,88.3561794545506,11.51,24772,48.90302222504758,27.57,157314,29623,82675
Maharashtra,2010,69.37210972833638,82.76338538760825,17.66,19408,119.47194258059322,10.41,150769,69735,77955
Maharashtra,2011,71.2261102777077,78.94638628982426,19.99,20603,109.29585235121489,22.35,235305,38693,86932
Maharashtra,2012,70.93017930437715,84.32045284987937,15.63,21265,96.28303085786324,17.33,215725,45773,82435
Maharashtra,2013,72.16618589812487,88.58858967210801,11.11,21006,97.98707308888828,22.15,377348,20627,23792
Maharashtra,2014,73.53880323592655,92.34613147531708,7.87,22261,106.06197404906922,18.8,274358,58555,32159
Maharashtra,2015,72.19415354860382,93.8750220936841,6.36,22814,99.72890012816575,23.25,169457,76557,67995
Maharashtra,2016,73.04642786749773,94.18618705258899,5.46,25664,104.44179358349902,11.77,241387,11016,70591
Maharashtra,2017,77.49286499783993,90.85391306791198,8.79,25553,102.84634812813812,21.74,344776,49099,23571
Maharashtra,2018,75.50369302578237,84.38466731572133,15.56,24334,95.94985987515595,17.9,283767,58190,20258
Maharashtra,2019,76.41478182100931,90.2216788863424,9.33,28886,97.8018530044336,22.12,284633,36854,79505
Maharashtra,2020,75.45981658660679,93.37099184772606,7.05,28771,95.70415243869996,16.22,360647,73335,25965
Maharashtra,2021,81.86289815829109,86.89539639977627,12.92,25829,101.25984091178921,24.26,334064,16910,15206
Maharashtra,2022,79.04719215078867,78.92650589033917,19.62,26314,102.24669164342569,16.29,260687,28141,86910
Maharashtra,2023,79.42341685359465,91.1425889716891,8.67,27990,100.12022141483975,11.54,225450,32299,58585
Maharashtra,2024,82.64924192173085,83.91072808957801,15.57,27442,88.53032039941668,18.33,324013,31834,33047
Tamil Nadu,2010,80.04229929493049,82.60436209226953,16.58,18753,76.43478603214942,26.36,205016,19474,73053
Tamil Nadu,2011,81.12423048813481,85.64128668088873,13.74,19408,67.88411003414163,28.86,243557,71087,83840
Tamil Nadu,2012,82.40879876780399,81.02470423591649,19.03,20108,61.416931898000854,14.94,215318,33664,82172
Tamil Nadu,2013,81.77672871736019,81.21432041412412,19.45,21533,66.40825084594923,15.57,157392,65680,61717
Tamil Nadu,2014,83.15993928056453,87.4965922369325,12.66,23512,69.89315991858136,14.84,220467,62662,27688
Tamil Nadu,2015,85.88855753366994,85.21674830589212,14.48,23466,82.5758823053096,11.81,306256,52107,66663
Tamil Nadu,2016,83.30096573650447,89.08795209758534,11.14,24598,93.3103458831643,10.33,184754,21411,17911
Tamil Nadu,2017,83.0990725504957,93.88045484489051,5.89,24201,83.05327089637802,23.51,354728,49384,62254
Tamil Nadu,2018,86.91608900645278,90.09269981541843,9.56,24032,71.50605283654664,13.5,371807,26371,17049
Tamil Nadu,2019,91.60849727328055,93.90281866588352,5.52,26770,72.94525227041493,15.58,323714,25151,66407
Tamil Nadu,2020,91.45856596885056,92.43408559662414,6.69,29212,73.59675905030554,22.84,293946,42711,20539
Tamil Nadu,2021,92.10034888385253,88.90503814672027,10.9,24323,73.26499953960885,10.1,328047,31357,17869
Tamil Nadu,2022,89.6976125393859,94.99902674496006,5.08,26230,70.1160557528706,10.36,241412,13987,73871
Tamil Nadu,2023,93.02031001325227,92.69168816499256,7.26,31237,61.01149047801475,17.35,169830,27429,21893
Tamil Nadu,2024,93.24336678410069,94.47201653602633,5.32,30523,73.82669822209898,28.12,180746,59377,63404
Bihar,2010,72.45053395041515,90.36712696965161,9.16,14922,86.85691845483069,13.54,274123,28589,58484
Bihar,2011,73.07658779409266,93.55412309584248,6.75,15946,78.20599466874877,29.06,153420,10301,60236
Bihar,2012,74.17412092547809,94.04143404002672,5.3,16028,76.42078150421779,15.37,366386,36641,49584
Bihar,2013,74.42879490775076,93.04801395692174,7.34,18375,75.34467697355866,11.41,392289,14014,26093
Bihar,2014,76.37768784473471,83.30889149053664,16.19,17749,95.76834834250201,12.73,359141,64748,20801
Bihar,2015,77.73883976539433,91.77378238132349,7.85,20457,77.09204696424308,28.26,368617,12368,21655
Bihar,2016,77.83857926041276,80.02660740469217,19.24,21646,87.23830709554657,18.77,274862,62921,64726
Bihar,2017,81.64065802596122,92.32929892655719,7.42,22638,83.69749919888413,15.01,220313,63006,30338
Bihar,2018,77.77915544907398,88.31765622923899,12.17,23234,92.55430957689842,11.71,347484,68335,71179
Bihar,2019,79.44418984364097,90.74781404422197,9.51,20294,72.5239499447143,12.65,383841,27019,88847
Bihar,2020,79.6618650451683,87.06921105601401,13.42,20472,88.83609717121091,18.18,216617,26896,61175
Bihar,2021,82.27790219680455,90.98107127296697,9.28,25506,91.40074127099547,15.6,284415,23500,68222
Bihar,2022,83.63814906963493,85.98816508573482,13.46,27055,89.75310407245132,13.17,353861,71389,24435
Bihar,2023,79.6421796408608,80.44460538783622,19.39,29207,76.45151433949707,24.07,376507,53919,50247
Bihar,2024,86.8804801044201,84.79990043544127,14.81,26476,77.16880177929,28.98,247379,78385,55158
Karnataka,2010,60.97383969423078,90.92528745201953,9.74,19201,88.45610680509849,28.88,312049,59115,75890
Karnataka,2011,61.2076913513508,89.56160567678684,9.84,20102,84.95158959044052,26.41,253691,48304,84449
Karnataka,2012,61.77057982793642,84.55684884469456,15.89,20501,79.50980950760162,17.55,247532,37350,40351
Karnataka,2013,62.831643935773066,90.66647693505438,9.78,21416,80.45918721349071,23.86,188513,36092,26338
Karnataka,2014,64.71054751314796,91.94481010085805,8.97,23450,66.46127048161844,15.64,194425,48756,33888
Karnataka,2015,65.16334690073764,88.43515670368525,11.36,24262,81.15185492831053,21.61,369798,17357,47479
Karnataka,2016,66.75254817168873,86.78616107979009,13.57,25354,80.32927518298209,25.09,302424,65069,29397
Karnataka,2017,66.75564864872861,86.98082591826943,14.16,24159,91.84391873289844,23.54,313379,64098,75921
Karnataka,2018,67.24701015987662,86.42117916153316,13.27,24843,85.41069377099738,16.57,292202,70566,81703
Karnataka,2019,69.9231897897732,80.60247987623383,18.63,26816,85.25738334134046,18.83,188102,16801,87267
Karnataka,2020,71.16946449952914,91.60999498304612,7.45,30269,77.70541297086083,26.77,171677,56732,65343
Karnataka,2021,65.9398343376972,92.68635601443066,7.67,30139,98.15047240674555,28.94,318152,11324,50909
Karnataka,2022,71.99112751473757,86.2884248959707,12.77,28376,84.1177104887857,24.1,175289,65129,30485
Karnataka,2023,71.62695392482946,79.98384047353105,19.83,29966,88.6789425984496,24.92,389564,71629,81040
Karnataka,2024,71.1497908909698,84.50865659351949,15.71,34713,75.39260743736877,14.47,264821,77641,51395
Gujarat,2010,84.62531504963678,93.96258776841496,6.13,14672,78.04140199674336,11.51,221726,27640,67528
Gujarat,2011,85.67459356507383,87.03272243209209,13.18,15611,57.584384206763325,21.69,300159,51430,39504
Gujarat,2012,87.04736073428089,94.49114492790042,5.62,15753,65.82880901613056,16.71,159337,56427,76529
Gujarat,2013,87.31484992097812,84.07943290665669,16.56,16730,71.97393557091867,17.21,154835,30159,62605
Gujarat,2014,86.74490932846426,83.7238418096306,15.8,17823,59.172090575319984,12.66,272402,55445,20713
Gujarat,2015,88.28937117269072,88.38150243077074,11.28,20389,78.99402166094383,11.65,208141,33793,71570
Gujarat,2016,87.97628685060137,80.0136702773646,19.6,19253,79.76080423767526,17.62,170309,16970,87474
Gujarat,2017,91.6899409674476,81.36509590593131,19.05,18352,60.15764451624555,12.68,150404,50943,62926
Gujarat,2018,93.22368312680872,92.64019929419753,7.81,24270,75.50580771162161,25.38,160916,14809,47201
Gujarat,2019,90.84273534766467,83.84561265965925,16.38,20463,72.94377131503137,15.03,203932,27100,72091
Gujarat,2020,91.60354033464348,90.67174683344496,9.92,23998,62.48494770596199,23.43,339089,71877,58125
Gujarat,2021,96.2898094180232,84.03097956631181,15.38,26458,71.32759092195329,29.36,275917,34285,52626
Gujarat,2022,92.75366522699298,82.84361205577558,17.99,20913,80.26890835605198,24.08,203682,69494,80215
Gujarat,2023,91.5037108385752,86.02161931085614,14.74,26540,87.34091827780077,17.84,304458,71886,68413
Gujarat,2024,95.60233590702305,94.02781099862287,6.34,24592,91.89383526616861,25.93,395897,65479,34963
Uttar Pradesh,2010,61.614733358847914,84.03089945438553,16.86,8550,95.61632075484951,16.83,287326,27144,39214
Uttar Pradesh,2011,62.415990165284505,81.45168839616112,17.72,9147,89.60511597861131,16.91,364879,43434,84724
Uttar Pradesh,2012,64.11524983988953,88.76777593186867,10.97,9863,101.88276993558851,26.44,368577,46668,38061
Uttar Pradesh,2013,63.694725908569524,81.44234826965902,18.19,11017,90.08848068495654,20.07,262428,33624,38321
Uttar Pradesh,2014,65.67225681471508,89.78073966187867,10.58,10779,81.81539747461017,27.47,300334,62796,19432
Uttar Pradesh,2015,65.37655289908804,91.56492963019893,7.91,13669,91.17147160179002,17.41,261317,18717,43699
Uttar Pradesh,2016,66.08022666120803,87.31874757466873,13.06,14689,89.25398432917436,10.73,392999,15126,20122
Uttar Pradesh,2017,69.90940524044376,88.36526807199836,12.32,14657,92.25861425832211,20.65,316926,56271,88688
Uttar Pradesh,2018,70.09768374200654,83.07760145004201,17.27,15708,82.98930702420226,26.81,287301,66793,62915
Uttar Pradesh,2019,67.1622806489777,85.28187551183075,14.86,16036,106.64724798701194,19.59,287443,36069,27910
Uttar Pradesh,2020,72.41299105808753,85.97606332954962,13.53,14443,70.86872279236583,15.68,344053,64553,63447
Uttar Pradesh,2021,71.28201827744297,84.91657451693732,14.66,21646,80.10180251789292,12.04,266421,11605,86158
Uttar Pradesh,2022,72.15402889914057,93.38480945264834,7.24,15288,97.62457175966892,26.12,366727,37446,28046
Uttar Pradesh,2023,68.81364365670066,80.65967450195267,19.73,21392,106.20800999484865,10.11,281189,23234,68441
Uttar Pradesh,2024,75.02909183839756,88.55049024031122,11.43,18294,94.96803221243526,25.39,287541,40105,57101
Rajasthan,2010,77.65826700881406,90.40104522711705,9.39,10394,98.10310974139512,28.64,255292,57362,35128
Rajasthan,2011,78.3553416019409,85.79709606344431,13.19,11278,92.63035953761565,20.98,189809,15287,49387
Rajasthan,2012,79.12029019705614,89.68457379065778,9.78,12458,91.16163674481248,18.24,374861,52078,27219
Rajasthan,2013,81.14841010858287,82.81570954356987,18.14,13428,127.3002222471374,28.77,234555,15415,51159
Rajasthan,2014,81.77997095097102,91.98977221449876,7.37,12785,96.46284209301847,13.27,236740,25524,34282
Rajasthan,2015,81.7918446957817,87.94473991061054,12.15,14149,110.2935188933248,27.54,365128,53303,74207
Rajasthan,2016,82.09315879042683,86.1537219865976,14.35,15337,109.6773546249163,20.05,300168,77728,49016
Rajasthan,2017,82.6560985392104,87.35253866599886,12.02,14220,93.20202428868444,14.58,161302,77506,56157
Rajasthan,2018,87.51515379598679,89.51235523739054,10.58,16269,100.8249346137201,22.4,209379,35053,24446
Rajasthan,2019,86.73530668629095,95.43895776875533,5.03,19634,99.48448434577413,24.14,182154,12336,82779
Rajasthan,2020,86.70777539073127,91.44624966095363,8.56,21531,113.46661354132036,12.21,221907,74435,55631
Rajasthan,2021,87.055589138405,89.53420152783337,11.9,19639,97.9274150630827,18.18,284828,30609,31478
Rajasthan,2022,88.83502608155659,87.6457003705609,11.52,22409,113.36485709407083,29.18,390487,22999,70318
Rajasthan,2023,89.0609391513041,94.73936426494193,5.79,18289,106.36431867236638,21.72,275885,27368,30328
Rajasthan,2024,84.48632343290471,92.99359913130176,6.92,26528,124.1730173249258,28.45,254263,10126,67329
Kerala,2010,79.3991844913674,81.94596007741833,18.44,12493,59.874717228873955,28.21,184560,32116,51244
Kerala,2011,80.38759881489122,83.01065357584963,17.21,13579,42.89593555113025,14.55,344446,78244,26694
Kerala,2012,80.61054708496992,84.663421901445,14.97,14617,40.571621102455765,10.09,163224,50738,40150
Kerala,2013,81.74479080829937,93.06449819622968,7.05,15931,36.665217115205,28.37,287855,51914,85507
Kerala,2014,84.34052304628358,82.79104927430086,16.28,16110,27.273439879279923,13.31,169956,56240,52148
Kerala,2015,82.45838385350038,89.7816237502857,10.52,15039,47.96180064010572,29.22,330912,62853,39917
Kerala,2016,82.97893765976545,95.09907923299527,5.05,17602,59.22115752724528,21.91,323021,12482,39442
Kerala,2017,86.3729621584363,85.55933008432154,14.76,18287,39.78225041206363,26.73,370178,28449,48536
Kerala,2018,86.70468355157178,87.32905916254357,13.2,19429,68.25934426648688,18.82,176737,21485,53565
Kerala,2019,88.85560129976248,81.72380992010486,18.46,19099,54.31572998746703,15.45,281026,62603,41399
Kerala,2020,89.97682927258148,89.95404470989914,10.12,17682,53.874914367126465,14.44,393671,40678,78230
Kerala,2021,84.86127574268616,81.11946583166936,18.44,24152,55.338227064464064,14.76,214929,44911,46821
Kerala,2022,90.82643727360147,91.74388961817547,7.9,26579,48.13281873000018,28.89,277157,76358,32327
Kerala,2023,87.37613912899431,90.09336731008867,10.5,25689,56.13373310561162,24.08,323952,33236,30358
Kerala,2024,90.65745722679202,89.56816770285299,11.15,22120,65.68571045631442,22.48,359829,11279,78197
West Bengal,2010,69.88998226468568,91.58094478184398,8.3,18332,64.40000420781837,19.42,318671,61920,43529
West Bengal,2011,69.95106374553595,84.05300137362664,15.97,19211,67.75652039163866,22.67,210774,33752,70029
West Bengal,2012,71.00771681945079,85.87769281250311,13.67,19518,70.35583382344349,23.66,206133,71268,53243
West Bengal,2013,70.80901709405141,81.59637842263373,18.99,20683,72.74260621601769,19.95,359483,11622,63756
West Bengal,2014,70.97696875593502,82.38270841184588,17.95,22852,64.94671443460064,22.01,197924,69052,26664
West Bengal,2015,72.6083767023419,86.72060871823187,14.25,22649,75.93864456879423,10.94,251371,48709,76120
West Bengal,2016,73.5054713587489,88.61083846141013,10.95,22363,46.58083144579683,17.11,372320,34762,26046
West Bengal,2017,75.47205709378383,94.05099605049088,5.76,23776,56.62171023471144,29.08,375685,31792,74129
West Bengal,2018,73.30160240339224,84.0457229612628,16.07,25665,68.39823930286597,21.94,216017,57304,47921
West Bengal,2019,76.83574268802023,85.4932447688629,14.83,25047,61.17010578121223,18.26,281132,65337,28350
West Bengal,2020,74.62180122318622,81.06216618122619,18.83,23349,62.335548827621295,26.15,156960,45772,36520
West Bengal,2021,82.73752552021537,86.25351945477314,13.31,25258,55.85558027223148,20.84,240327,10338,86431
West Bengal,2022,80.12867531913277,91.83070376446179,8.61,30415,67.69676313652259,28.07,227454,37935,52641
West Bengal,2023,81.01730372761862,95.35056768127279,5.01,29890,65.53814371309409,19.46,363382,54813,52198
West Bengal,2024,82.52876470715098,84.00186294971813,15.54,34391,69.69905320530873,26.89,187265,27850,81150
Madhya Pradesh,2010,60.26998874438965,81.82772140055275,18.85,15155,67.64788947894955,16.8,301734,33510,55998
Madhya Pradesh,2011,61.34411545454736,88.6750993545983,11.91,16208,76.34730149839092,27.72,229273,62393,81081
Madhya Pradesh,2012,61.931481601475795,93.1871482486239,6.88,16895,54.85735374394922,28.78,219346,49974,31371
Madhya Pradesh,2013,62.32534888774137,81.36979893118801,18.67,16734,88.79418844347158,15.43,291688,60072,39574
Madhya Pradesh,2014,63.753789510063065,91.33702888555796,8.94,17823,50.069888560412,12.21,183933,34951,47413
Madhya Pradesh,2015,65.70684126816408,90.29914846487188,9.27,19717,71.53725157503555,10.9,285566,53001,82364
Madhya Pradesh,2016,67.18844721368566,81.35501573958204,18.66,19909,64.47469103004592,27.58,278301,39757,49636
Madhya Pradesh,2017,68.5176398129845,90.07380822769541,8.85,18973,72.40798511718064,14.61,214754,44157,55042
Madhya Pradesh,2018,66.2900279818448,83.74822782275147,16.69,20199,59.84450136240018,25.59,268533,60948,88781
Madhya Pradesh,2019,71.57121987646725,92.47925338877907,6.74,25500,88.5756532311597,23.92,262855,34578,43831
Madhya Pradesh,2020,68.44122425026754,90.0917099142145,10.66,25390,59.47316815753859,10.7,252979,44701,32674
Madhya Pradesh,2021,73.02539546147507,83.81493995301678,16.02,21652,71.15287692912864,23.1,214772,68762,65106
Madhya Pradesh,2022,68.91392179720471,83.68416650903441,16.21,21197,67.49802051789486,23.91,220831,51873,24903
Madhya Pradesh,2023,73.79958725520959,80.82613304695775,18.86,29401,25.01909130344053,21.85,300201,11591,26303
Madhya Pradesh,2024,75.24022522301156,88.34598056303895,11.51,24772,56.88922525961228,27.57,157314,29623,82675
Maharashtra,2010,68.42241376517713,83.04926567257402,17.66,19408,116.23318631914168,10.41,150769,69735,77955
Maharashtra,2011,70.5775130395737,78.76609567173247,19.99,20603,107.71036528399489,22.35,235305,38693,86932
Maharashtra,2012,70.88993360221667,85.0084826930441,15.63,21265,96.61607749348082,17.33,215725,45773,82435
Maharashtra,2013,72.27567003822523,89.05901174055086,11.11,21006,94.61280481493691,22.15,377348,20627,23792
Maharashtra,2014,74.17659831411883,91.5264891760714,7.87,22261,103.69964914623858,18.8,274358,58555,32159
Maharashtra,2015,71.6040153341306,93.10234380347538,6.36,22814,91.08798149615791,23.25,169457,76557,67995
Maharashtra,2016,72.98047303216669,95.37819651360411,5.46,25664,110.07855437468582,11.77,241387,11016,70591
Maharashtra,2017,76.60198707159826,90.73724656002862,8.79,25553,97.10188473403274,21.74,344776,49099,23571
Maharashtra,2018,75.4480035692993,83.86332474470201,15.56,24334,94.64892762814739,17.9,283767,58190,20258
Maharashtra,2019,75.13065582433597,91.23865727118236,9.33,28886,100.7075414841047,22.12,284633,36854,79505
Maharashtra,2020,76.1205953428765,93.11927643814296,7.05,28771,97.97106081640608,16.22,360647,73335,25965
Maharashtra,2021,81.66966959309269,86.6110372117318,12.92,25829,99.2078139047779,24.26,334064,16910,15206
Maharashtra,2022,78.59579661654477,80.4883124877023,19.62,26314,97.92365448573479,16.29,260687,28141,86910
Maharashtra,2023,78.84314280369358,90.81712365817987,8.67,27990,96.12626717797778,11.54,225450,32299,58585
Maharashtra,2024,81.57843016187203,84.9804106992113,15.57,27442,85.63175975694048,18.33,324013,31834,33047
Tamil Nadu,2010,79.39793202849725,83.95068548243657,16.58,18753,65.18231809427766,26.36,205016,19474,73053
Tamil Nadu,2011,81.17356332550575,86.52600309941097,13.74,19408,66.6129140259303,28.86,243557,71087,83840
Tamil Nadu,2012,82.00436251161497,81.15083053062351,19.03,20108,66.19699101453003,14.94,215318,33664,82172
Tamil Nadu,2013,81.48940464898394,81.43059406243368,19.45,21533,69.95191609286765,15.57,157392,65680,61717
Tamil Nadu,2014,83.03751915703806,87.33984316369411,12.66,23512,71.04169574202434,14.84,220467,62662,27688
Tamil Nadu,2015,84.98846947415828,84.9290629372896,14.48,23466,80.3994650629483,11.81,306256,52107,66663
Tamil Nadu,2016,83.43339650599277,89.08473695641615,11.14,24598,88.4178197882376,10.33,184754,21411,17911
Tamil Nadu,2017,84.9661103141277,95.15302352476856,5.89,24201,86.72835372334083,23.51,354728,49384,62254
Tamil Nadu,2018,87.66841965793276,89.93262025340707,9.56,24032,70.50815475581756,13.5,371807,26371,17049
Tamil Nadu,2019,90.82573467604708,94.29926861665301,5.52,26770,71.71203685012392,15.58,323714,25151,66407
Tamil Nadu,2020,91.02440388729235,93.51822301905072,6.69,29212,73.32674274528087,22.84,293946,42711,20539
Tamil Nadu,2021,91.52409229933534,89.07304757549713,10.9,24323,79.1512420293515,10.1,328047,31357,17869
Tamil Nadu,2022,89.59042334037879,94.42884820981135,5.08,26230,62.49669305498025,10.36,241412,13987,73871
Tamil Nadu,2023,92.49443488058614,93.30092892811523,7.26,31237,65.46281889268549,17.35,169830,27429,21893
Tamil Nadu,2024,92.47641023642441,95.84002036100864,5.32,30523,72.8814776101104,28.12,180746,59377,63404
Bihar,2010,72.50437151645384,90.93806572951196,9.16,14922,84.42508356597101,13.54,274123,28589,58484
Bihar,2011,73.2984259414794,92.797965855132,6.75,15946,82.54843832052237,29.06,153420,10301,60236
Bihar,2012,74.25757200909597,93.92551973747327,5.3,16028,72.44298068651767,15.37,366386,36641,49584
Bihar,2013,74.56499870958827,92.7889879906106,7.34,18375,78.46770310227998,11.41,392289,14014,26093
Bihar,2014,75.65432733598335,84.36193867165814,16.19,17749,93.11205533363453,12.73,359141,64748,20801
Bihar,2015,78.12097032478471,92.38758387324769,7.85,20457,80.7037207452202,28.26,368617,12368,21655
Bihar,2016,76.68480046127858,80.75879807954058,19.24,21646,85.41351543707859,18.77,274862,62921,64726
Bihar,2017,81.58546618987313,92.28536417410534,7.42,22638,82.7739836488367,15.01,220313,63006,30338
Bihar,2018,77.23070593385788,87.28391818364095,12.17,23234,92.7405258481421,11.71,347484,68335,71179
Bihar,2019,79.66942481147242,90.90737566316244,9.51,20294,68.6181300345166,12.65,383841,27019,88847
Bihar,2020,79.81410721162827,87.0368858106928,13.42,20472,92.13631750177231,18.18,216617,26896,61175
Bihar,2021,82.40660806563176,89.94713510665463,9.28,25506,89.57099071867043,15.6,284415,23500,68222
Bihar,2022,84.56656831695662,87.33491948909035,13.46,27055,87.1035676644132,13.17,353861,71389,24435
Bihar,2023,79.62356208260091,80.897035610447,19.39,29207,80.40921635410861,24.07,376507,53919,50247
Bihar,2024,87.16378131267977,85.88979732257289,14.81,26476,74.54604932501249,28.98,247379,78385,55158
Karnataka,2010,60.560751762603054,89.58893612575744,9.74,19201,86.73893773958822,28.88,312049,59115,75890
Karnataka,2011,60.868136896339664,89.47708792229227,9.84,20102,85.93451165991905,26.41,253691,48304,84449
Karnataka,2012,61.724279852888266,84.03551534511635,15.89,20501,80.08370422619387,17.55,247532,37350,40351
Karnataka,2013,62.67338500467777,90.4713922134476,9.78,21416,88.84255699209702,23.86,188513,36092,26338
Karnataka,2014,64.73594157136374,91.92818041146349,8.97,23450,65.94896257808774,15.64,194425,48756,33888
Karnataka,2015,64.80573124428054,88.99303945690757,11.36,24262,78.98086921264586,21.61,369798,17357,47479
Karnataka,2016,66.04907547725118,86.308659361594,13.57,25354,79.82708482001527,25.09,302424,65069,29397
Karnataka,2017,66.04563754612951,85.32681539616706,14.16,24159,91.04676923889525,23.54,313379,64098,75921
Karnataka,2018,67.96642245057056,87.34500028635958,13.27,24843,83.40505424196962,16.57,292202,70566,81703
Karnataka,2019,69.9399281959987,80.88764728712465,18.63,26816,89.32911163700776,18.83,188102,16801,87267
Karnataka,2020,69.68616242953702,93.36423427738616,7.45,30269,79.89292698589227,26.77,171677,56732,65343
Karnataka,2021,67.07285392043235,92.18780767519674,7.67,30139,90.08536604080571,28.94,318152,11324,50909
Karnataka,2022,71.89691257589274,88.02529103630893,12.77,28376,78.71159910947897,24.1,175289,65129,30485
Karnataka,2023,71.85472860026337,80.50946564502964,19.83,29966,86.6144737019449,24.92,389564,71629,81040
Karnataka,2024,71.27359718093585,84.22150225527878,15.71,34713,78.23808286028826,14.47,264821,77641,51395
Gujarat,2010,84.1268863450781,93.61030181408694,6.13,14672,73.14554883087766,11.51,221726,27640,67528
Gujarat,2011,86.31765544630477,86.64954606132696,13.18,15611,69.56702912615317,21.69,300159,51430,39504
Gujarat,2012,86.13318158412176,94.59415834618761,5.62,15753,65.42307828468263,16.71,159337,56427,76529
Gujarat,2013,87.219577086805,83.47857824810886,16.56,16730,70.68663041175307,17.21,154835,30159,62605
Gujarat,2014,87.04029115902149,83.90309429596564,15.8,17823,60.984703149257435,12.66,272402,55445,20713
Gujarat,2015,88.07468989546167,88.63718429484118,11.28,20389,86.41096215843787,11.65,208141,33793,71570
Gujarat,2016,88.33623265003216,80.43928851485958,19.6,19253,78.15223993376522,17.62,170309,16970,87474
Gujarat,2017,90.61497674270052,79.88563295279259,19.05,18352,64.45643928941486,12.68,150404,50943,62926
Gujarat,2018,93.43434681463994,92.41908405739434,7.81,24270,73.03207007339314,25.38,160916,14809,47201
Gujarat,2019,91.46016091938561,83.1301393876416,16.38,20463,72.63542273989916,15.03,203932,27100,72091
Gujarat,2020,90.98284562926473,89.50333379839712,9.92,23998,62.8826136679853,23.43,339089,71877,58125
Gujarat,2021,96.75540413657988,83.77632782644464,15.38,26458,67.07166402485637,29.36,275917,34285,52626
Gujarat,2022,94.2367443602761,81.11305375106606,17.99,20913,76.97895770090152,24.08,203682,69494,80215
Gujarat,2023,90.2057340133809,84.58227624844386,14.74,26540,82.21833210697105,17.84,304458,71886,68413
Gujarat,2024,96.52217012143907,93.30548952118475,6.34,24592,91.42238564794494,25.93,395897,65479,34963
Uttar Pradesh,2010,60.82875400598216,84.11662956876329,16.86,8550,90.67599726832084,16.83,287326,27144,39214
Uttar Pradesh,2011,62.76627310217083,82.0170601620524,17.72,9147,83.01274957243113,16.91,364879,43434,84724
Uttar Pradesh,2012,64.58335256841379,89.11887505313402,10.97,9863,98.22100817587297,26.44,368577,46668,38061
Uttar Pradesh,2013,62.7945167848924,82.01024069325317,18.19,11017,88.36080589516007,20.07,262428,33624,38321
Uttar Pradesh,2014,65.6845928560227,89.48553259310792,10.58,10779,79.91360528994002,27.47,300334,62796,19432
Uttar Pradesh,2015,64.56714766575703,92.05127826963701,7.91,13669,97.38058111054151,17.41,261317,18717,43699
Uttar Pradesh,2016,66.10253948485563,86.34235311820038,13.06,14689,91.78034770054094,10.73,392999,15126,20122
Uttar Pradesh,2017,69.38598285790714,88.40546377413962,12.32,14657,88.44637249974583,20.65,316926,56271,88688
Uttar Pradesh,2018,70.17983026613467,83.63359832181895,17.27,15708,84.5986042622807,26.81,287301,66793,62915
Uttar Pradesh,2019,68.2851543730598,84.29867065293865,14.86,16036,105.06598157118803,19.59,287443,36069,27910
Uttar Pradesh,2020,72.56784190539499,85.9579857045568,13.53,14443,77.33656081987775,15.68,344053,64553,63447
Uttar Pradesh,2021,71.26891598671085,85.2000948288115,14.66,21646,75.44978378662819,12.04,266421,11605,86158
Uttar Pradesh,2022,71.64538906312774,92.2777311025449,7.24,15288,100.38665007227776,26.12,366727,37446,28046
Uttar Pradesh,2023,67.78828090388951,80.52298277672793,19.73,21392,99.38585929479129,10.11,281189,23234,68441
Uttar Pradesh,2024,73.7070649667519,88.2058638987967,11.43,18294,97.81347807207561,25.39,287541,40105,57101
Rajasthan,2010,78.25242581654872,91.6925280339033,9.39,10394,104.65134664359132,28.64,255292,57362,35128
Rajasthan,2011,79.33779141177412,87.4052742971718,13.19,11278,96.90174315563435,20.98,189809,15287,49387
Rajasthan,2012,78.51282556406004,90.32628701531611,9.78,12458,91.74283970177768,18.24,374861,52078,27219
Rajasthan,2013,81.00376787042354,82.37349313165987,18.14,13428,127.30609683207602,28.77,234555,15415,51159
Rajasthan,2014,81.36679712152053,93.18295021217865,7.37,12785,97.48736264992691,13.27,236740,25524,34282
Rajasthan,2015,82.74008057940979,87.56802625597088,12.15,14149,105.99746547468811,27.54,365128,53303,74207
Rajasthan,2016,82.21519824003919,85.24189137772902,14.35,15337,109.73468412782137,20.05,300168,77728,49016
Rajasthan,2017,83.40203052223204,88.01907153148483,12.02,14220,97.92856199732792,14.58,161302,77506,56157
Rajasthan,2018,86.80308032646455,89.85081806224898,10.58,16269,105.60248762719617,22.4,209379,35053,24446
Rajasthan,2019,85.87277386456086,95.0395301993267,5.03,19634,99.28790325213521,24.14,182154,12336,82779
Rajasthan,2020,87.03314212400186,90.6515017589045,8.56,21531,109.44377196451622,12.21,221907,74435,55631
Rajasthan,2021,87.14321113490547,87.69858777802457,11.9,19639,92.78214660043342,18.18,284828,30609,31478
Rajasthan,2022,88.58180705473671,88.44301356820282,11.52,22409,111.65165067652367,29.18,390487,22999,70318
Rajasthan,2023,88.4251950980371,94.17216719783708,5.79,18289,104.74793583783001,21.72,275885,27368,30328
Rajasthan,2024,84.90581852039733,94.0662710883949,6.92,26528,116.16733997954795,28.45,254263,10126,67329
Kerala,2010,79.09499448505893,80.8670060288005,18.44,12493,60.70046557404885,28.21,184560,32116,51244
Kerala,2011,79.77060196866645,83.04279462091795,17.21,13579,37.4144844357945,14.55,344446,78244,26694
Kerala,2012,81.15932358525235,85.77455655416415,14.97,14617,40.469857732590384,10.09,163224,50738,40150
Kerala,2013,81.93045972397063,94.0857248727114,7.05,15931,41.28273374483063,28.37,287855,51914,85507
Kerala,2014,83.69225984098543,83.51780128840802,16.28,16110,28.79137156083368,13.31,169956,56240,52148
Kerala,2015,84.15847720225537,89.72571472636011,10.52,15039,43.4743697038394,29.22,330912,62853,39917
Kerala,2016,82.473090255122,95.23488017859933,5.05,17602,56.936707072769146,21.91,323021,12482,39442
Kerala,2017,87.28656231879333,85.33774086577664,14.76,18287,37.40778934542197,26.73,370178,28449,48536
Kerala,2018,87.80482109609905,86.75057739938035,13.2,19429,68.36019526217606,18.82,176737,21485,53565
Kerala,2019,88.54634892799788,81.75798769475003,18.46,19099,57.853555474935874,15.45,281026,62603,41399
Kerala,2020,89.51385846290515,88.61387695739015,10.12,17682,55.77473707403298,14.44,393671,40678,78230
Kerala,2021,84.14456192396575,81.90103474503132,18.44,24152,58.34040479355409,14.76,214929,44911,46821
Kerala,2022,89.78661626554509,92.16308895183097,7.9,26579,40.829522722045645,28.89,277157,76358,32327
Kerala,2023,85.97303749680047,89.38876255161087,10.5,25689,58.933530913599,24.08,323952,33236,30358
Kerala,2024,90.07147154738185,89.87343109785978,11.15,22120,61.04939508812245,22.48,359829,11279,78197
West Bengal,2010,69.93625749974254,91.36253299060472,8.3,18332,66.65524208341638,19.42,318671,61920,43529
West Bengal,2011,70.69565007309632,83.82846200546749,15.97,19211,69.72582827131112,22.67,210774,33752,70029
West Bengal,2012,71.28902555072038,87.32577665110236,13.67,19518,70.8213462856973,23.66,206133,71268,53243
West Bengal,2013,71.86042223747222,80.59396934757508,18.99,20683,72.06392293675435,19.95,359483,11622,63756
West Bengal,2014,70.19947113292362,81.77494235853173,17.95,22852,64.11424299666184,22.01,197924,69052,26664
West Bengal,2015,72.75866310013299,85.67648728828458,14.25,22649,75.82418970241197,10.94,251371,48709,76120
West Bengal,2016,72.02610812404588,89.47036724106478,10.95,22363,53.317971872362584,17.11,372320,34762,26046
West Bengal,2017,75.24957620087444,94.34390125367665,5.76,23776,56.253099002703394,29.08,375685,31792,74129
West Bengal,2018,73.1559280907076,83.28368732642387,16.07,25665,69.36334226996014,21.94,216017,57304,47921
West Bengal,2019,76.32395471115144,84.90391571843641,14.83,25047,62.65823586855462,18.26,281132,65337,28350
West Bengal,2020,73.6103500948121,80.8663227833939,18.83,23349,67.28119849643042,26.15,156960,45772,36520
West Bengal,2021,82.26395512805877,86.65138947738848,13.31,25258,59.69572937959406,20.84,240327,10338,86431
West Bengal,2022,79.90362848713009,91.60292182931491,8.61,30415,67.52217509941804,28.07,227454,37935,52641
West Bengal,2023,81.03962343205558,95.19910287794399,5.01,29890,69.72256186499328,19.46,363382,54813,52198
West Bengal,2024,83.93704133487499,83.5719941229758,15.54,34391,78.00218181120692,26.89,187265,27850,81150
Madhya Pradesh,2010,60.47030770420679,81.68197049378044,18.85,15155,63.79629767662936,16.8,301734,33510,55998
Madhya Pradesh,2011,60.38485623862683,88.21628442299831,11.91,16208,75.07437149041641,27.72,229273,62393,81081
Madhya Pradesh,2012,61.80699788905995,93.81226602379695,6.88,16895,51.965664861321216,28.78,219346,49974,31371
Madhya Pradesh,2013,63.090479817499286,81.55209916364534,18.67,16734,88.20831573416135,15.43,291688,60072,39574
Madhya Pradesh,2014,65.07917372711029,91.61066147886788,8.94,17823,59.17022325390742,12.21,183933,34951,47413
Madhya Pradesh,2015,65.79522520277379,90.96327265572506,9.27,19717,73.98964135469076,10.9,285566,53001,82364
Madhya Pradesh,2016,67.47834961161827,82.01311287810138,18.66,19909,57.02623844650416,27.58,278301,39757,49636
Madhya Pradesh,2017,69.03734477160997,91.4111253180089,8.85,18973,82.08344630538355,14.61,214754,44157,55042
Madhya Pradesh,2018,65.85702582284793,83.26104237677855,16.69,20199,66.14712265610947,25.59,268533,60948,88781
Madhya Pradesh,2019,72.85217167350852,94.39621736022345,6.74,25500,78.93070615250858,23.92,262855,34578,43831
Madhya Pradesh,2020,68.41851483580243,89.78451856113995,10.66,25390,62.02017248361543,10.7,252979,44701,32674
Madhya Pradesh,2021,73.30686983074729,84.26687221050221,16.02,21652,68.96944318071897,23.1,214772,68762,65106
Madhya Pradesh,2022,69.52384658588272,83.15184779173084,16.21,21197,73.13997110531605,23.91,220831,51873,24903
Madhya Pradesh,2023,74.18289316246967,80.49584619126823,18.86,29401,34.23804942830982,21.85,300201,11591,26303
Madhya Pradesh,2024,74.61899157673544,88.63635774107092,11.51,24772,53.19978783045097,27.57,157314,29623,82675
Maharashtra,2010,69.51402526975205,82.41276059888412,17.66,19408,118.79178724039254,10.41,150769,69735,77955
Maharashtra,2011,70.3241757162891,79.70293871749584,19.99,20603,108.29311643907026,22.35,235305,38693,86932
Maharashtra,2012,71.10456347062255,84.44049134980604,15.63,21265,97.20849771155429,17.33,215725,45773,82435
Maharashtra,2013,71.76840386225129,89.6843134640218,11.11,21006,91.63548429709054,22.15,377348,20627,23792
Maharashtra,2014,74.38078594492802,92.47770123727514,7.87,22261,109.39441120736251,18.8,274358,58555,32159
Maharashtra,2015,71.7951948319782,93.06949574512363,6.36,22814,98.00018545970772,23.25,169457,76557,67995
Maharashtra,2016,73.3285501969511,94.48424558642853,5.46,25664,106.40068650808111,11.77,241387,11016,70591
Maharashtra,2017,76.98536859315752,90.80751675957372,8.79,25553,98.9461681792693,21.74,344776,49099,23571
Maharashtra,2018,75.47302512538609,84.24615004179572,15.56,24334,99.64298210706646,17.9,283767,58190,20258
Maharashtra,2019,75.09430313820576,90.46319216718518,9.33,28886,99.79350793827392,22.12,284633,36854,79505
Maharashtra,2020,74.28348376589656,92.711177208698,7.05,28771,97.17061753183867,16.22,360647,73335,25965
Maharashtra,2021,82.330960750357,86.45243231401331,12.92,25829,103.13939847430473,24.26,334064,16910,15206
Maharashtra,2022,78.4971338495687,80.3161726592409,19.62,26314,104.47975916654255,16.29,260687,28141,86910
Maharashtra,2023,79.27311683067559,91.04969618157634,8.67,27990,101.15870707725873,11.54,225450,32299,58585
Maharashtra,2024,82.18216935297826,82.96527565499888,15.57,27442,87.40056620183131,18.33,324013,31834,33047
Tamil Nadu,2010,80.87721904658541,84.44648601225083,16.58,18753,65.80210380936703,26.36,205016,19474,73053
Tamil Nadu,2011,79.97216289301066,86.80438482710834,13.74,19408,68.24290440655929,28.86,243557,71087,83840
Tamil Nadu,2012,83.31887426683,80.7818496375375,19.03,20108,67.420269219726,14.94,215318,33664,82172
Tamil Nadu,2013,82.80802840453303,80.55940952487029,19.45,21533,65.51543121442606,15.57,157392,65680,61717
Tamil Nadu,2014,82.70161945706458,86.75417282634122,12.66,23512,73.80927110587123,14.84,220467,62662,27688
Tamil Nadu,2015,85.20255299969186,86.36786143890542,14.48,23466,77.17375505426159,11.81,306256,52107,66663
Tamil Nadu,2016,83.50277703742883,89.80864434738656,11.14,24598,91.07056445437446,10.33,184754,21411,17911
Tamil Nadu,2017,84.42056121418966,94.18834686412326,5.89,24201,84.37996780786168,23.51,354728,49384,62254
Tamil Nadu,2018,87.54260779297503,90.95176532209267,9.56,24032,73.84714232909796,13.5,371807,26371,17049
Tamil Nadu,2019,91.23780223300172,94.56764338946697,5.52,26770,68.82293684161567,15.58,323714,25151,66407
Tamil Nadu,2020,91.51479034062763,92.64163728056204,6.69,29212,73.36286626542999,22.84,293946,42711,20539
Tamil Nadu,2021,92.50133078984634,88.89408831551816,10.9,24323,72.37161027404206,10.1,328047,31357,17869
Tamil Nadu,2022,89.87436335817324,94.98596398338599,5.08,26230,68.4777347526923,10.36,241412,13987,73871
Tamil Nadu,2023,92.50254585982366,92.51272614062827,7.26,31237,62.696632727235894,17.35,169830,27429,21893
Tamil Nadu,2024,93.53688504843353,94.57067336128249,5.32,30523,78.07826663537855,28.12,180746,59377,63404
Bihar,2010,72.86677836114042,90.79430022124545,9.16,14922,89.48624355162274,13.54,274123,28589,58484
Bihar,2011,71.78980568266786,93.20956075106727,6.75,15946,82.85686210583476,29.06,153420,10301,60236
Bihar,2012,74.69795038826489,94.72612924524874,5.3,16028,71.95465380235795,15.37,366386,36641,49584
Bihar,2013,74.9873680973594,92.1296974668017,7.34,18375,72.2523063668,11.41,392289,14014,26093
Bihar,2014,75.56064562177704,83.45149192543603,16.19,17749,88.88388878091962,12.73,359141,64748,20801
Bihar,2015,77.70574077345556,91.50770786715002,7.85,20457,75.85849552530402,28.26,368617,12368,21655
Bihar,2016,77.79205635999301,81.2489077748431,19.24,21646,89.2954088823845,18.77,274862,62921,64726
Bihar,2017,81.35376323106142,91.52717652907984,7.42,22638,80.72747376168083,15.01,220313,63006,30338
Bihar,2018,76.89356116608819,88.40679517165846,12.17,23234,91.13881357227596,11.71,347484,68335,71179
Bihar,2019,79.86352614356227,91.18317469863142,9.51,20294,65.10873697319462,12.65,383841,27019,88847
Bihar,2020,78.97417163272935,86.42890970650869,13.42,20472,85.93610071234822,18.18,216617,26896,61175
Bihar,2021,81.60019091760554,89.41843145608635,9.28,25506,95.79123932933885,15.6,284415,23500,68222
Bihar,2022,83.77664138770503,86.35934471901636,13.46,27055,86.20032233714777,13.17,353861,71389,24435
Bihar,2023,79.91119673619139,80.5779079193556,19.39,29207,78.1083841639432,24.07,376507,53919,50247
Bihar,2024,87.94656252268804,84.68470089003554,14.81,26476,81.97452707580037,28.98,247379,78385,55158
Karnataka,2010,60.63654271004865,90.00239080309588,9.74,19201,91.36739341840743,28.88,312049,59115,75890
Karnataka,2011,61.802547893424,90.92509759943167,9.84,20102,86.67687260938885,26.41,253691,48304,84449
Karnataka,2012,61.92808914355748,84.44246358115088,15.89,20501,82.5681094079742,17.55,247532,37350,40351
Karnataka,2013,62.36925920238852,89.75771794281096,9.78,21416,85.36779075619393,23.86,188513,36092,26338
Karnataka,2014,65.05596127233697,90.23120041520228,8.97,23450,75.08632890582197,15.64,194425,48756,33888
Karnataka,2015,65.27020476261384,88.47649134119511,11.36,24262,75.10193120674293,21.61,369798,17357,47479
Karnataka,2016,67.36714566490679,86.32327161032478,13.57,25354,81.64966904436642,25.09,302424,65069,29397
Karnataka,2017,66.91445668573732,86.08809959368166,14.16,24159,88.64559325372281,23.54,313379,64098,75921
Karnataka,2018,68.27415192360053,86.46234164371617,13.27,24843,85.53031517855254,16.57,292202,70566,81703
Karnataka,2019,70.03572410377079,81.62574978768093,18.63,26816,83.85788233801583,18.83,188102,16801,87267
Karnataka,2020,70.73507511915821,93.51757702003012,7.45,30269,78.15310490742465,26.77,171677,56732,65343
Karnataka,2021,66.42673937037547,92.73775051122213,7.67,30139,98.75423173839648,28.94,318152,11324,50909
Karnataka,2022,71.88906267438614,87.20595574633462,12.77,28376,89.63873060313152,24.1,175289,65129,30485
Karnataka,2023,71.28846651802812,80.07842476447335,19.83,29966,90.7241085682062,24.92,389564,71629,81040
Karnataka,2024,70.68754867759678,84.11166343291008,15.71,34713,74.25580320590848,14.47,264821,77641,51395
Gujarat,2010,84.11241086251282,94.46032045622607,6.13,14672,79.74872095393188,11.51,221726,27640,67528
Gujarat,2011,85.35774066464225,86.50634327702434,13.18,15611,60.55975767484844,21.69,300159,51430,39504
Gujarat,2012,86.33379003950003,94.40261135449998,5.62,15753,58.44307048210995,16.71,159337,56427,76529
Gujarat,2013,86.60601923518048,83.46559895094055,16.56,16730,69.24972942489568,17.21,154835,30159,62605
Gujarat,2014,85.59319266652311,83.94910790359424,15.8,17823,59.638487245465235,12.66,272402,55445,20713
Gujarat,2015,88.51664685368647,88.03376722605795,11.28,20389,75.55730364276961,11.65,208141,33793,71570
Gujarat,2016,87.6406027376811,80.56148725180884,19.6,19253,78.68544795315178,17.62,170309,16970,87474
Gujarat,2017,90.3314556844659,80.91949801407232,19.05,18352,63.073324463253016,12.68,150404,50943,62926
Gujarat,2018,93.61962283421622,92.44012023471828,7.81,24270,70.43730003408689,25.38,160916,14809,47201
Gujarat,2019,91.79878506881327,83.35319984678043,16.38,20463,72.63541108798645,15.03,203932,27100,72091
Gujarat,2020,90.24622006781551,90.69041064940652,9.92,23998,69.1049654229231,23.43,339089,71877,58125
Gujarat,2021,95.96863761071688,84.18161310939408,15.38,26458,71.75064344051759,29.36,275917,34285,52626
Gujarat,2022,93.45542882510635,82.86602014200895,17.99,20913,79.06635096469445,24.08,203682,69494,80215
Gujarat,2023,90.61004844944557,84.38618174508588,14.74,26540,85.55695004911705,17.84,304458,71886,68413
Gujarat,2024,96.28473742096588,93.87738503227844,6.34,24592,91.87982721135498,25.93,395897,65479,34963
Uttar Pradesh,2010,61.56308693061359,83.37771534126331,16.86,8550,94.1947093261731,16.83,287326,27144,39214
Uttar Pradesh,2011,62.11774257934469,81.88222146602956,17.72,9147,76.12575148284296,16.91,364879,43434,84724
Uttar Pradesh,2012,63.01806881779662,89.24219696893051,10.97,9863,104.4565337316042,26.44,368577,46668,38061
Uttar Pradesh,2013,63.657709015104615,82.44975933488008,18.19,11017,88.38597499759821,20.07,262428,33624,38321
Uttar Pradesh,2014,65.27037080257327,88.31159058032297,10.58,10779,82.67444179536761,27.47,300334,62796,19432
Uttar Pradesh,2015,65.14996631513317,92.34137240374541,7.91,13669,87.97627675036928,17.41,261317,18717,43699
Uttar Pradesh,2016,66.34868846897909,85.69336458983496,13.06,14689,85.49464959782624,10.73,392999,15126,20122
Uttar Pradesh,2017,70.22032929791933,87.19716759823841,12.32,14657,91.6222265571537,20.65,316926,56271,88688
Uttar Pradesh,2018,69.13558980044046,83.54458318245048,17.27,15708,79.10181571341707,26.81,287301,66793,62915
Uttar Pradesh,2019,66.12024392208959,84.84910898330398,14.86,16036,113.72125949415991,19.59,287443,36069,27910
Uttar Pradesh,2020,71.96192477237685,85.88306001779551,13.53,14443,76.67646400473281,15.68,344053,64553,63447
Uttar Pradesh,2021,72.45025559075542,85.24103113550767,14.66,21646,76.37410114845846,12.04,266421,11605,86158
Uttar Pradesh,2022,72.36947317646973,93.79395316908177,7.24,15288,97.7692223868408,26.12,366727,37446,28046
Uttar Pradesh,2023,68.7348297076373,79.35415887639698,19.73,21392,105.29422717455714,10.11,281189,23234,68441
Uttar Pradesh,2024,73.86418190718398,88.04434504418032,11.43,18294,94.95352699778796,25.39,287541,40105,57101
Rajasthan,2010,78.17356129831865,91.35871584158981,9.39,10394,97.96159261190861,28.64,255292,57362,35128
Rajasthan,2011,78.04322690014777,87.73885117176887,13.19,11278,96.54301508227202,20.98,189809,15287,49387
Rajasthan,2012,79.3681788846781,90.16828438785485,9.78,12458,96.49300188035645,18.24,374861,52078,27219
Rajasthan,2013,81.55273507958331,81.24047364873668,18.14,13428,127.49530487164935,28.77,234555,15415,51159
Rajasthan,2014,81.91010495374944,93.67792175090457,7.37,12785,97.73720272351252,13.27,236740,25524,34282
Rajasthan,2015,83.97983001945553,88.6472211958746,12.15,14149,114.60308570174735,27.54,365128,53303,74207
Rajasthan,2016,82.8162079835894,85.98947349388112,14.35,15337,118.60528468510833,20.05,300168,77728,49016
Rajasthan,2017,82.93551818714624,87.5737988255313,12.02,14220,91.03985397099011,14.58,161302,77506,56157
Rajasthan,2018,87.02721284390401,89.39548532958098,10.58,16269,109.79165497843346,22.4,209379,35053,24446
Rajasthan,2019,84.99546204755543,94.88981995947758,5.03,19634,98.5295045692767,24.14,182154,12336,82779
Rajasthan,2020,86.41264343445548,91.60542565230779,8.56,21531,113.40728744841324,12.21,221907,74435,55631
Rajasthan,2021,86.93535878094345,88.82550071906566,11.9,19639,91.36318750507002,18.18,284828,30609,31478
Rajasthan,2022,88.5379558010327,88.9197085205687,11.52,22409,112.84884270383542,29.18,390487,22999,70318
Rajasthan,2023,88.55617743601687,93.67131196150761,5.79,18289,102.68152922899031,21.72,275885,27368,30328
Rajasthan,2024,84.53879003380891,93.76824822500977,6.92,26528,121.84417644467993,28.45,254263,10126,67329
Kerala,2010,79.84051533366224,81.71656607000658,18.44,12493,63.94324150120841,28.21,184560,32116,51244
Kerala,2011,79.9001035324591,83.13353289792947,17.21,13579,36.25654094695106,14.55,344446,78244,26694
Kerala,2012,80.35534983943069,85.7632704296393,14.97,14617,43.763895407987185,10.09,163224,50738,40150
Kerala,2013,81.48605264174354,92.39420987524323,7.05,15931,42.63558451438276,28.37,287855,51914,85507
Kerala,2014,83.9175953419295,83.70208721064677,16.28,16110,26.419963113059666,13.31,169956,56240,52148
Kerala,2015,84.22254913233382,89.2142727243204,10.52,15039,46.837190935007094,29.22,330912,62853,39917
Kerala,2016,82.20643489214456,94.16607028731727,5.05,17602,61.04349640288125,21.91,323021,12482,39442
Kerala,2017,86.37094175546237,85.41335498880245,14.76,18287,41.51498069585788,26.73,370178,28449,48536
Kerala,2018,87.46813698561168,88.0557782757922,13.2,19429,68.6660550657951,18.82,176737,21485,53565
Kerala,2019,87.92706453826338,80.61996112774713,18.46,19099,52.27025758759287,15.45,281026,62603,41399
Kerala,2020,88.88037107013926,89.86385969447527,10.12,17682,49.62540955772492,14.44,393671,40678,78230
Kerala,2021,84.69188956322768,81.88027146753738,18.44,24152,61.95805754336595,14.76,214929,44911,46821
Kerala,2022,90.78719459035636,92.16153910082808,7.9,26579,44.348374766556645,28.89,277157,76358,32327
Kerala,2023,86.70128066450096,89.44343597374213,10.5,25689,57.71446326617833,24.08,323952,33236,30358
Kerala,2024,90.09679495568378,88.20039181827708,11.15,22120,62.248329873032944,22.48,359829,11279,78197
West Bengal,2010,69.49544898108398,91.81639337147008,8.3,18332,67.29443346355774,19.42,318671,61920,43529
West Bengal,2011,69.5113141058003,83.65161801149203,15.97,19211,68.89073538346442,22.67,210774,33752,70029
West Bengal,2012,71.16523242496444,85.23503914751072,13.67,19518,67.33426775439592,23.66,206133,71268,53243
West Bengal,2013,71.55838912353376,81.60729611025687,18.99,20683,67.5668058600953,19.95,359483,11622,63756
West Bengal,2014,71.2326811746998,82.52919290992102,17.95,22852,70.16095532662052,22.01,197924,69052,26664
West Bengal,2015,72.73862067119421,85.77583048842554,14.25,22649,74.57537000840584,10.94,251371,48709,76120
West Bengal,2016,71.20059142086178,89.16453734410285,10.95,22363,50.224187596598334,17.11,372320,34762,26046
West Bengal,2017,75.49286041890684,94.77715900635778,5.76,23776,62.202734919198534,29.08,375685,31792,74129
West Bengal,2018,73.95137406804996,84.04216982838905,16.07,25665,65.24831832794848,21.94,216017,57304,47921
West Bengal,2019,77.0231077011208,85.62200877738066,14.83,25047,59.64755101935618,18.26,281132,65337,28350
West Bengal,2020,75.08269874229558,81.02125889956308,18.83,23349,58.753229526105024,26.15,156960,45772,36520
West Bengal,2021,82.5080653609031,87.34599186928698,13.31,25258,58.12099164294712,20.84,240327,10338,86431
West Bengal,2022,80.48432879548072,91.55039286296635,8.61,30415,67.58857813562581,28.07,227454,37935,52641
West Bengal,2023,81.0186578537028,95.08702597180293,5.01,29890,60.813878798476274,19.46,363382,54813,52198
West Bengal,2024,82.59117405228282,83.82496945564398,15.54,34391,77.26253527934712,26.89,187265,27850,81150
Madhya Pradesh,2010,60.771963571986475,81.29347792715086,18.85,15155,65.60237321793441,16.8,301734,33510,55998
Madhya Pradesh,2011,61.957885574885566,87.67402254125278,11.91,16208,76.54386236676233,27.72,229273,62393,81081
Madhya Pradesh,2012,62.55194221858441,92.80085863673575,6.88,16895,54.36147669597473,28.78,219346,49974,31371
Madhya Pradesh,2013,62.4702768621595,80.92231218584193,18.67,16734,93.08331554454556,15.43,291688,60072,39574
Madhya Pradesh,2014,63.874905367574286,90.52688253405039,8.94,17823,64.03421569506934,12.21,183933,34951,47413
Madhya Pradesh,2015,66.4102639794283,91.79238570150848,9.27,19717,67.7192314532179,10.9,285566,53001,82364
Madhya Pradesh,2016,67.53060337446456,82.00566953099421,18.66,19909,64.00777370165504,27.58,278301,39757,49636
Madhya Pradesh,2017,68.54807259193322,92.11018375107214,8.85,18973,77.73340035916985,14.61,214754,44157,55042
Madhya Pradesh,2018,64.76190952343137,82.69855249022223,16.69,20199,59.57223651873476,25.59,268533,60948,88781
Madhya Pradesh,2019,71.25473157525421,93.29562687495545,6.74,25500,83.17888500627404,23.92,262855,34578,43831
Madhya Pradesh,2020,68.55964378704292,88.69324618739796,10.66,25390,67.36401991755845,10.7,252979,44701,32674
Madhya Pradesh,2021,72.92592990117635,83.63215256140147,16.02,21652,68.9089817765485,23.1,214772,68762,65106
Madhya Pradesh,2022,69.21610984059127,83.33093650829171,16.21,21197,70.96506326482131,23.91,220831,51873,24903
Madhya Pradesh,2023,73.41337579548849,81.75979200322078,18.86,29401,31.54355542744598,21.85,300201,11591,26303
Madhya Pradesh,2024,75.29623376723536,88.29188516094912,11.51,24772,55.25924599027847,27.57,157314,29623,82675
Maharashtra,2010,69.52337238230116,82.87418966684702,17.66,19408,111.56771916659395,10.41,150769,69735,77955
Maharashtra,2011,70.67023717980541,80.31206044479427,19.99,20603,106.7926795507139,22.35,235305,38693,86932
Maharashtra,2012,71.2811035720217,85.5218193760524,15.63,21265,92.7841248571448,17.33,215725,45773,82435
Maharashtra,2013,71.37058344110962,88.15027788843014,11.11,21006,98.93230623417735,22.15,377348,20627,23792
Maharashtra,2014,74.58955589371013,92.7596166198934,7.87,22261,103.80467091823029,18.8,274358,58555,32159
Maharashtra,2015,71.94211785673227,94.21322043520037,6.36,22814,93.84224201285848,23.25,169457,76557,67995
Maharashtra,2016,73.47524030862061,94.05331058098649,5.46,25664,111.28746147436343,11.77,241387,11016,70591
Maharashtra,2017,76.46407138347992,91.71356666823657,8.79,25553,99.58474669143234,21.74,344776,49099,23571
Maharashtra,2018,74.13312061699196,84.60807248151312,15.56,24334,98.49940788598634,17.9,283767,58190,20258
Maharashtra,2019,75.52894482901252,90.55626187002329,9.33,28886,98.69421680774586,22.12,284633,36854,79505
Maharashtra,2020,75.35820476304876,92.538032256514,7.05,28771,99.53630697427045,16.22,360647,73335,25965
Maharashtra,2021,81.24897422282125,86.7204452742754,12.92,25829,100.88505513550636,24.26,334064,16910,15206
Maharashtra,2022,78.51516845936266,81.40490604789296,19.62,26314,102.85497542754764,16.29,260687,28141,86910
Maharashtra,2023,80.16271739220738,91.33034140947873,8.67,27990,98.48435320570805,11.54,225450,32299,58585
Maharashtra,2024,81.88529405356634,84.82106500076574,15.57,27442,87.62070756658032,18.33,324013,31834,33047
Tamil Nadu,2010,81.01133647662797,83.02455030916623,16.58,18753,70.57495871538777,26.36,205016,19474,73053
Tamil Nadu,2011,80.58968963267607,85.87007352688919,13.74,19408,65.74008317566918,28.86,243557,71087,83840
Tamil Nadu,2012,82.06919596280419,81.51099240462497,19.03,20108,64.37823766489944,14.94,215318,33664,82172
Tamil Nadu,2013,82.11569076212551,79.87521189422424,19.45,21533,62.44893402324674,15.57,157392,65680,61717
Tamil Nadu,2014,82.89159371554118,87.13239311604737,12.66,23512,72.54324762870247,14.84,220467,62662,27688
Tamil Nadu,2015,84.95794299894291,85.53701370553611,14.48,23466,76.68805617553527,11.81,306256,52107,66663
Tamil Nadu,2016,83.27860354696385,88.91568630092003,11.14,24598,101.77814486834858,10.33,184754,21411,17911
Tamil Nadu,2017,84.18045958769785,94.02045335749192,5.89,24201,84.63031684874487,23.51,354728,49384,62254
Tamil Nadu,2018,86.71890627210927,90.63790989054796,9.56,24032,68.70728130121523,13.5,371807,26371,17049
Tamil Nadu,2019,91.33041217271006,94.82642787790891,5.52,26770,70.38745936796923,15.58,323714,25151,66407
Tamil Nadu,2020,91.2133932167642,93.67731877272966,6.69,29212,75.62807623691366,22.84,293946,42711,20539
Tamil Nadu,2021,92.48570004232998,88.60709809566607,10.9,24323,80.21009183845757,10.1,328047,31357,17869
Tamil Nadu,2022,89.45282531269575,94.77792245103561,5.08,26230,63.351642800183846,10.36,241412,13987,73871
Tamil Nadu,2023,91.31883317060235,93.33738143093846,7.26,31237,58.83271607792908,17.35,169830,27429,21893
Tamil Nadu,2024,92.87448611869992,95.12732359378694,5.32,30523,76.17051103429294,28.12,180746,59377,63404
Bihar,2010,73.77630771080645,90.15357027425947,9.16,14922,80.75820388230105,13.54,274123,28589,58484
Bihar,2011,73.65230214394902,93.4257399501761,6.75,15946,81.79153367547754,29.06,153420,10301,60236
Bihar,2012,74.36036981013281,93.7108873753126,5.3,16028,74.20713854346702,15.37,366386,36641,49584
Bihar,2013,74.75855458539587,92.68346745103018,7.34,18375,78.30109964009968,11.41,392289,14014,26093
Bihar,2014,75.58123294640602,84.75888350837299,16.19,17749,95.367493371223,12.73,359141,64748,20801
Bihar,2015,78.17355955758761,91.67605364136551,7.85,20457,77.92909715314084,28.26,368617,12368,21655
Bihar,2016,76.63959359234558,80.34283847725422,19.24,21646,84.33881224349972,18.77,274862,62921,64726
Bihar,2017,81.43716084733443,92.96201489078643,7.42,22638,80.33718894115184,15.01,220313,63006,30338
Bihar,2018,77.63769065772063,87.05859924239518,12.17,23234,90.41879387255636,11.71,347484,68335,71179
Bihar,2019,80.01909286285397,90.17362248505748,9.51,20294,72.06348152412376,12.65,383841,27019,88847
Bihar,2020,79.67923786940486,86.87822056879088,13.42,20472,90.83801732566774,18.18,216617,26896,61175
Bihar,2021,82.299808328847,90.4028570761553,9.28,25506,95.66151852892521,15.6,284415,23500,68222
Bihar,2022,84.42643061798341,86.42201500639452,13.46,27055,86.51790234695291,13.17,353861,71389,24435
Bihar,2023,79.77590706687069,80.98209285515752,19.39,29207,79.91075657052765,24.07,376507,53919,50247
Bihar,2024,87.29297964452948,85.40077304176828,14.81,26476,75.53333049976057,28.98,247379,78385,55158
Karnataka,2010,60.09319911355155,90.39340919814771,9.74,19201,86.61068309749703,28.88,312049,59115,75890
Karnataka,2011,61.49092814763099,89.99043886036497,9.84,20102,88.77852264400482,26.41,253691,48304,84449
Karnataka,2012,62.444510075747594,84.29503055763448,15.89,20501,84.54682358371134,17.55,247532,37350,40351
Karnataka,2013,62.070446462173045,90.15813365995012,9.78,21416,82.71294767729863,23.86,188513,36092,26338
Karnataka,2014,64.10623736712378,91.25890280496289,8.97,23450,65.93288217533406,15.64,194425,48756,33888
Karnataka,2015,64.95238042061827,88.39153398744101,11.36,24262,79.67769797414921,21.61,369798,17357,47479
Karnataka,2016,67.01544385092801,86.33871551281024,13.57,25354,81.20924169967402,25.09,302424,65069,29397
Karnataka,2017,66.4066708321852,85.345021103724,14.16,24159,92.09164316477262,23.54,313379,64098,75921
Karnataka,2018,68.04197659895425,86.71249619499689,13.27,24843,82.60761967812519,16.57,292202,70566,81703
Karnataka,2019,69.7483988726826,80.96449956818559,18.63,26816,88.55388694088114,18.83,188102,16801,87267
Karnataka,2020,70.94493171930104,91.992976774919,7.45,30269,78.67043942749378,26.77,171677,56732,65343
Karnataka,2021,65.63954801076174,92.45933057392769,7.67,30139,96.2471426685127,28.94,318152,11324,50909
Karnataka,2022,71.91575148760988,87.33636988792884,12.77,28376,79.66584731054608,24.1,175289,65129,30485
Karnataka,2023,71.31837261992548,80.56143686747428,19.83,29966,90.53983409380646,24.92,389564,71629,81040
Karnataka,2024,70.23840559442291,84.07443721521246,15.71,34713,77.7767334503612,14.47,264821,77641,51395
Gujarat,2010,84.36207279778397,94.07402642341839,6.13,14672,87.8474762829429,11.51,221726,27640,67528
Gujarat,2011,86.26073508286402,87.09539878613683,13.18,15611,59.36332607100803,21.69,300159,51430,39504
Gujarat,2012,86.74044324414798,94.60238690391579,5.62,15753,65.38430510608993,16.71,159337,56427,76529
Gujarat,2013,86.87535045285935,83.02717315859893,16.56,16730,68.65239697056546,17.21,154835,30159,62605
Gujarat,2014,85.90991761741371,84.2746817411356,15.8,17823,54.83213903903407,12.66,272402,55445,20713
Gujarat,2015,88.10181929598026,88.90207014802733,11.28,20389,79.34739858889508,11.65,208141,33793,71570
Gujarat,2016,87.45240180983804,80.40358923345397,19.6,19253,75.95205743822112,17.62,170309,16970,87474
Gujarat,2017,90.58114245162187,79.90676117081446,19.05,18352,70.36452066518028,12.68,150404,50943,62926
Gujarat,2018,93.93082189750189,92.27024481198674,7.81,24270,72.08756255295039,25.38,160916,14809,47201
Gujarat,2019,91.60884553036256,84.72626551969863,16.38,20463,69.66946381154595,15.03,203932,27100,72091
Gujarat,2020,90.49427102153147,89.8999803656215,9.92,23998,65.12903215248316,23.43,339089,71877,58125
Gujarat,2021,96.473252389216,84.25596145107234,15.38,26458,63.32607988736089,29.36,275917,34285,52626
Gujarat,2022,94.08911087424839,82.1966742798557,17.99,20913,78.76412965218721,24.08,203682,69494,80215
Gujarat,2023,91.65007451926063,85.41618910523329,14.74,26540,86.31807584688548,17.84,304458,71886,68413
Gujarat,2024,96.6602703432842,94.25636758270821,6.34,24592,94.03380114883564,25.93,395897,65479,34963
Uttar Pradesh,2010,61.15245290408606,82.51106592204556,16.86,8550,98.65086674828355,16.83,287326,27144,39214
Uttar Pradesh,2011,61.84457124439483,82.64569012628749,17.72,9147,80.92929114327684,16.91,364879,43434,84724
Uttar Pradesh,2012,63.39121107054269,89.32521103062574,10.97,9863,97.8781579561102,26.44,368577,46668,38061
Uttar Pradesh,2013,63.222990070446514,81.73892673152973,18.19,11017,85.62163750816799,20.07,262428,33624,38321
Uttar Pradesh,2014,66.12317918722317,89.58934365896084,10.58,10779,78.09581233557692,27.47,300334,62796,19432
Uttar Pradesh,2015,65.61366725829456,92.60472874079919,7.91,13669,89.0796843381419,17.41,261317,18717,43699
Uttar Pradesh,2016,66.17202448817874,87.37615769001422,13.06,14689,83.8792433542102,10.73,392999,15126,20122
Uttar Pradesh,2017,69.38007623837258,87.10849034396314,12.32,14657,90.93611929828441,20.65,316926,56271,88688
Uttar Pradesh,2018,69.86587899612438,83.14007909337775,17.27,15708,80.91447812030229,26.81,287301,66793,62915
Uttar Pradesh,2019,67.21242854918498,85.10765569748374,14.86,16036,108.53904955887079,19.59,287443,36069,27910
Uttar Pradesh,2020,72.91476936084739,86.50643704900776,13.53,14443,85.78429029779946,15.68,344053,64553,63447
Uttar Pradesh,2021,70.74616948644096,85.37659849550086,14.66,21646,75.56523605159,12.04,266421,11605,86158
Uttar Pradesh,2022,71.84237028944786,92.68487850560088,7.24,15288,93.5309445513073,26.12,366727,37446,28046
Uttar Pradesh,2023,69.64180310961481,80.86585374855353,19.73,21392,101.05533934394981,10.11,281189,23234,68441
Uttar Pradesh,2024,74.11339992228,88.52814102007538,11.43,18294,94.95709338787327,25.39,287541,40105,57101
Rajasthan,2010,77.67498048249925,90.05022693580841,9.39,10394,102.3259779202719,28.64,255292,57362,35128
Rajasthan,2011,78.35127728859479,86.61323507201514,13.19,11278,91.44103845429697,20.98,189809,15287,49387
Rajasthan,2012,79.03980415911879,90.30934735840523,9.78,12458,93.6980821035237,18.24,374861,52078,27219
Rajasthan,2013,81.98642423733826,82.47460739214853,18.14,13428,126.9825312316218,28.77,234555,15415,51159
Rajasthan,2014,80.27406904433525,92.93154734247442,7.37,12785,98.71129267793452,13.27,236740,25524,34282
Rajasthan,2015,83.36671685064816,87.42473236062648,12.15,14149,101.55485368904516,27.54,365128,53303,74207
Rajasthan,2016,81.90802142377493,86.89259495833946,14.35,15337,110.94318168290562,20.05,300168,77728,49016
Rajasthan,2017,83.0566738353828,88.11238765548899,12.02,14220,93.74142638182319,14.58,161302,77506,56157
Rajasthan,2018,86.82537778985068,90.0576953689995,10.58,16269,102.1660716861678,22.4,209379,35053,24446
Rajasthan,2019,86.17427663488536,94.89414278321138,5.03,19634,102.5735088953019,24.14,182154,12336,82779
Rajasthan,2020,85.96093782405813,91.70667962235272,8.56,21531,110.00377035931379,12.21,221907,74435,55631
Rajasthan,2021,87.37108633304098,88.5197342522592,11.9,19639,96.31612193897814,18.18,284828,30609,31478
Rajasthan,2022,89.81215481164342,89.08909735587713,11.52,22409,115.02806629052687,29.18,390487,22999,70318
Rajasthan,2023,87.7984129977036,94.7386841526891,5.79,18289,103.34614563359432,21.72,275885,27368,30328
Rajasthan,2024,85.0448530838052,93.51609850003649,6.92,26528,113.82028085658675,28.45,254263,10126,67329
Kerala,2010,78.9490089111017,81.40245663440295,18.44,12493,59.444036419250395,28.21,184560,32116,51244
Kerala,2011,80.11294360309653,82.50412697902198,17.21,13579,45.56832166778112,14.55,344446,78244,26694
Kerala,2012,80.36957388870788,85.1963037551621,14.97,14617,42.81931461964458,10.09,163224,50738,40150
Kerala,2013,81.32925654547785,93.41656403617054,7.05,15931,36.730697095623064,28.37,287855,51914,85507
Kerala,2014,84.08393614243555,83.60863964961169,16.28,16110,29.757016628508165,13.31,169956,56240,52148
Kerala,2015,84.71217405489337,90.0125859828572,10.52,15039,43.65767531193084,29.22,330912,62853,39917
Kerala,2016,82.54454810413635,95.6763083727431,5.05,17602,58.45951755904935,21.91,323021,12482,39442
Kerala,2017,87.0598789710741,84.78183954046328,14.76,18287,40.93836826898993,26.73,370178,28449,48536
Kerala,2018,86.97336352106443,86.38153964810186,13.2,19429,71.79225062885637,18.82,176737,21485,53565
Kerala,2019,88.12178181159099,81.46981247054734,18.46,19099,63.06514059519764,15.45,281026,62603,41399
Kerala,2020,89.52620313894019,90.03380633409459,10.12,17682,55.47170832297227,14.44,393671,40678,78230
Kerala,2021,85.67205801426799,81.29771649311648,18.44,24152,63.30951989916503,14.76,214929,44911,46821
Kerala,2022,90.52780667439282,92.77610133943357,7.9,26579,42.77210140303643,28.89,277157,76358,32327
Kerala,2023,86.41347098473841,89.71203343075922,10.5,25689,55.05239568209157,24.08,323952,33236,30358
Kerala,2024,89.99964570271167,88.86972352412036,11.15,22120,63.706994048857375,22.48,359829,11279,78197
West Bengal,2010,68.44479613301513,90.98204523806574,8.3,18332,68.53150974577878,19.42,318671,61920,43529
West Bengal,2011,69.88225766317768,83.37209209178624,15.97,19211,62.514461775906206,22.67,210774,33752,70029
West Bengal,2012,71.4111665311617,86.4705046251409,13.67,19518,67.81411641028797,23.66,206133,71268,53243
West Bengal,2013,71.38395483358346,79.9437021869226,18.99,20683,72.7879528051574,19.95,359483,11622,63756
West Bengal,2014,70.86497892612024,82.55631870482203,17.95,22852,69.01118018505424,22.01,197924,69052,26664
West Bengal,2015,73.16293911482603,85.67092307781384,14.25,22649,76.70286356015282,10.94,251371,48709,76120
West Bengal,2016,72.2016401319797,90.67154648479736,10.95,22363,51.002894190412334,17.11,372320,34762,26046
West Bengal,2017,75.5269336926871,95.39395812530805,5.76,23776,55.858974022189834,29.08,375685,31792,74129
West Bengal,2018,74.28986089458326,83.83927546537625,16.07,25665,63.76829812005347,21.94,216017,57304,47921
West Bengal,2019,76.436487149627,85.11683149873434,14.83,25047,55.18314580601837,18.26,281132,65337,28350
West Bengal,2020,74.42082992398939,81.66779075700101,18.83,23349,67.64432511755528,26.15,156960,45772,36520
West Bengal,2021,81.56622909718241,87.54158630495901,13.31,25258,58.82035109385788,20.84,240327,10338,86431
West Bengal,2022,80.81209598574996,90.57098547128199,8.61,30415,65.08544083261545,28.07,227454,37935,52641
West Bengal,2023,80.82938791339095,94.09681226732265,5.01,29890,62.693623755642626,19.46,363382,54813,52198
West Bengal,2024,82.5753134808393,84.1489825972228,15.54,34391,85.46697370698334,26.89,187265,27850,81150
Madhya Pradesh,2010,61.5906520161365,81.44136879158694,18.85,15155,62.08001590333131,16.8,301734,33510,55998
Madhya Pradesh,2011,62.359801502256815,88.3384367952538,11.91,16208,75.13345622318178,27.72,229273,62393,81081
Madhya Pradesh,2012,61.64978821713065,93.65488572749193,6.88,16895,52.497510508858184,28.78,219346,49974,31371
Madhya Pradesh,2013,61.60673002431969,80.73015123581735,18.67,16734,93.88063889723283,15.43,291688,60072,39574
Madhya Pradesh,2014,64.60375684491845,89.90192806851556,8.94,17823,62.47379616564705,12.21,183933,34951,47413
Madhya Pradesh,2015,66.06768508712,91.15900709765107,9.27,19717,76.1228255233078,10.9,285566,53001,82364
Madhya Pradesh,2016,67.6253127995814,80.92590186351738,18.66,19909,65.11847296638214,27.58,278301,39757,49636
Madhya Pradesh,2017,68.28494809114407,90.14075606780568,8.85,18973,74.3119076001,14.61,214754,44157,55042
Madhya Pradesh,2018,66.35629866914965,83.3825318729797,16.69,20199,62.00916462463466,25.59,268533,60948,88781
Madhya Pradesh,2019,70.9244140353596,93.65658784410934,6.74,25500,81.23349711754166,23.92,262855,34578,43831
Madhya Pradesh,2020,69.53538205953326,89.27897143393936,10.66,25390,66.59467812451747,10.7,252979,44701,32674
Madhya Pradesh,2021,73.18713653391822,83.75107580690876,16.02,21652,64.7665835647271,23.1,214772,68762,65106
Madhya Pradesh,2022,68.81303029030168,83.71031888392706,16.21,21197,73.05772951567569,23.91,220831,51873,24903
Madhya Pradesh,2023,73.43648184353661,80.95470861879961,18.86,29401,31.82974310863925,21.85,300201,11591,26303
Madhya Pradesh,2024,74.91315922847835,87.81597644402991,11.51,24772,59.91349160568844,27.57,157314,29623,82675
Maharashtra,2010,69.41294722655762,81.98265966150478,17.66,19408,116.7240158500922,10.41,150769,69735,77955
Maharashtra,2011,70.81220649023624,80.27063995250691,19.99,20603,106.38270210962102,22.35,235305,38693,86932
Maharashtra,2012,71.95822029225774,84.53083927068826,15.63,21265,99.212618338204,17.33,215725,45773,82435
Maharashtra,2013,71.15787919414447,88.97402990298342,11.11,21006,95.78329308131686,22.15,377348,20627,23792
Maharashtra,2014,74.8786062874843,91.6324257590733,7.87,22261,107.06617089721917,18.8,274358,58555,32159
Maharashtra,2015,72.03217796876162,93.54924841893217,6.36,22814,94.84008609386409,23.25,169457,76557,67995
Maharashtra,2016,72.69060797583843,93.45146747677857,5.46,25664,106.82053393004045,11.77,241387,11016,70591
Maharashtra,2017,76.3348431871305,91.29923833194269,8.79,25553,98.27363901492848,21.74,344776,49099,23571
Maharashtra,2018,74.81543980461149,85.15442885390678,15.56,24334,103.25811980441821,17.9,283767,58190,20258
Maharashtra,2019,75.58082505596224,89.93293393397894,9.33,28886,99.76166844733196,22.12,284633,36854,79505
Maharashtra,2020,75.10622543981124,92.65703616334112,7.05,28771,93.55265210140813,16.22,360647,73335,25965
Maharashtra,2021,82.45557746512368,87.24455338935506,12.92,25829,97.76427898011012,24.26,334064,16910,15206
Maharashtra,2022,78.22441215497422,81.00642131721374,19.62,26314,100.70972356414568,16.29,260687,28141,86910
Maharashtra,2023,79.59395552607697,91.10588769184993,8.67,27990,93.80104670405275,11.54,225450,32299,58585
Maharashtra,2024,81.85380327779345,84.08387483536706,15.57,27442,83.9669528101846,18.33,324013,31834,33047
Tamil Nadu,2010,80.37181594131248,82.43553842879196,16.58,18753,66.56850892958093,26.36,205016,19474,73053
Tamil Nadu,2011,81.48344369504866,86.31171906465406,13.74,19408,67.59256296433618,28.86,243557,71087,83840
Tamil Nadu,2012,81.53961910315947,81.99103802007187,19.03,20108,62.02390750501131,14.94,215318,33664,82172
Tamil Nadu,2013,80.97789307168644,80.68867923098233,19.45,21533,60.78898523739976,15.57,157392,65680,61717
Tamil Nadu,2014,82.68947407339824,87.32886051040815,12.66,23512,78.36777069170844,14.84,220467,62662,27688
Tamil Nadu,2015,85.44836927586675,85.68104115538348,14.48,23466,81.8876221930877,11.81,306256,52107,66663
Tamil Nadu,2016,83.56214737748085,88.8544539980257,11.14,24598,91.82294173544004,10.33,184754,21411,17911
Tamil Nadu,2017,84.77789109591107,93.70349281386993,5.89,24201,85.56726418996082,23.51,354728,49384,62254
Tamil Nadu,2018,86.68447316017547,90.85163995783886,9.56,24032,74.17239526946389,13.5,371807,26371,17049
Tamil Nadu,2019,91.30010805272522,94.59288076155588,5.52,26770,74.36325756432043,15.58,323714,25151,66407
Tamil Nadu,2020,92.06625375623899,93.31880662596683,6.69,29212,71.61418492001975,22.84,293946,42711,20539
Tamil Nadu,2021,91.71070620799674,88.61231698636087,10.9,24323,78.46632035194727,10.1,328047,31357,17869
Tamil Nadu,2022,90.1098259129595,95.57175396596737,5.08,26230,63.4762840873792,10.36,241412,13987,73871
Tamil Nadu,2023,92.34791008449616,93.07235137266655,7.26,31237,59.57241278749416,17.35,169830,27429,21893
Tamil Nadu,2024,92.92923866344917,94.40353958131635,5.32,30523,75.89240967794349,28.12,180746,59377,63404
Bihar,2010,72.74383824176917,91.34091242684097,9.16,14922,88.7722752723673,13.54,274123,28589,58484
Bihar,2011,73.01638571794322,93.0012145808074,6.75,15946,90.86372692059204,29.06,153420,10301,60236
Bihar,2012,74.0321459604192,94.30899825374449,5.3,16028,71.38082420472936,15.37,366386,36641,49584
Bihar,2013,74.90707620874402,92.28014844125985,7.34,18375,80.60675905524238,11.41,392289,14014,26093
Bihar,2014,75.0263770305686,82.92446572345595,16.19,17749,92.0705962686194,12.73,359141,64748,20801
Bihar,2015,77.35708743555742,92.38577119020911,7.85,20457,82.3300761315721,28.26,368617,12368,21655
Bihar,2016,77.56968664147826,79.84442756083082,19.24,21646,80.74853134630625,18.77,274862,62921,64726
Bihar,2017,80.30560298242067,91.96577808436712,7.42,22638,76.5916906729043,15.01,220313,63006,30338
Bihar,2018,77.61315625045461,86.79220599546073,12.17,23234,87.64237553050054,11.71,347484,68335,71179
Bihar,2019,79.89129564642697,90.44696515360455,9.51,20294,72.00689213700424,12.65,383841,27019,88847
Bihar,2020,78.5970966356047,86.50483976986406,13.42,20472,87.60675620038494,18.18,216617,26896,61175
Bihar,2021,81.95121767383218,90.55665189340682,9.28,25506,95.10716303174026,15.6,284415,23500,68222
Bihar,2022,84.68705470152369,86.01871115266472,13.46,27055,88.42068385477374,13.17,353861,71389,24435
Bihar,2023,78.98941723443016,80.02388312328168,19.39,29207,80.34873262373607,24.07,376507,53919,50247
Bihar,2024,87.2377978688453,85.42218493177329,14.81,26476,85.1363629189826,28.98,247379,78385,55158
Karnataka,2010,60.61103044662595,89.98472403414576,9.74,19201,87.70747988836602,28.88,312049,59115,75890
Karnataka,2011,61.831695254641296,90.31817916076807,9.84,20102,83.6893098689795,26.41,253691,48304,84449
Karnataka,2012,61.54423055697775,83.66737565693789,15.89,20501,86.45012954061502,17.55,247532,37350,40351
Karnataka,2013,62.39124490265418,90.31053137138554,9.78,21416,82.97453129318201,23.86,188513,36092,26338
Karnataka,2014,65.55118493084926,91.68163901865803,8.97,23450,70.64125549905671,15.64,194425,48756,33888
Karnataka,2015,65.7394498318988,88.9330829001964,11.36,24262,86.12120264966532,21.61,369798,17357,47479
Karnataka,2016,67.47942902539089,86.22379309089176,13.57,25354,80.97006403219119,25.09,302424,65069,29397
Karnataka,2017,66.36265907128251,85.96859948517796,14.16,24159,84.50152356050604,23.54,313379,64098,75921
Karnataka,2018,67.51586713917953,86.6096674127349,13.27,24843,81.07536350047063,16.57,292202,70566,81703
Karnataka,2019,69.44477779672172,81.37394009234737,18.63,26816,89.7982334006554,18.83,188102,16801,87267
Karnataka,2020,70.46125705263289,92.38719447392575,7.45,30269,77.79263194307154,26.77,171677,56732,65343
Karnataka,2021,66.64919911044434,92.24783239705731,7.67,30139,96.8587206048265,28.94,318152,11324,50909
Karnataka,2022,73.03079929647322,87.3360466765371,12.77,28376,82.57647324849083,24.1,175289,65129,30485
Karnataka,2023,71.69522504626808,79.67332065020902,19.83,29966,90.38896858624096,24.92,389564,71629,81040
Karnataka,2024,70.3084598491201,83.78206058650501,15.71,34713,77.63639943715638,14.47,264821,77641,51395
Gujarat,2010,84.97597380886147,93.1757287230844,6.13,14672,80.3939948863386,11.51,221726,27640,67528
Gujarat,2011,84.9309696863428,86.01986444774813,13.18,15611,60.98199466280293,21.69,300159,51430,39504
Gujarat,2012,86.53801436402382,93.77135865388975,5.62,15753,66.40369647587403,16.71,159337,56427,76529
Gujarat,2013,86.88510010312585,83.51973125340206,16.56,16730,71.90070859320338,17.21,154835,30159,62605
Gujarat,2014,87.53783374489198,83.75360624225407,15.8,17823,56.66809999814663,12.66,272402,55445,20713
Gujarat,2015,89.96495927800268,88.97680723211555,11.28,20389,82.62633693897942,11.65,208141,33793,71570
Gujarat,2016,87.9433615295681,80.41735687437628,19.6,19253,75.15289765461065,17.62,170309,16970,87474
Gujarat,2017,90.6484016906398,79.96574789328098,19.05,18352,59.05501347699682,12.68,150404,50943,62926
Gujarat,2018,93.55725282424028,92.51748779211084,7.81,24270,70.36308790328997,25.38,160916,14809,47201
Gujarat,2019,91.77382771293692,84.02539932279586,16.38,20463,70.1237774910707,15.03,203932,27100,72091
Gujarat,2020,90.88966618722141,89.58306866258258,9.92,23998,63.49276995018894,23.43,339089,71877,58125
Gujarat,2021,97.24760567795616,84.8300957714475,15.38,26458,73.25117283500857,29.36,275917,34285,52626
Gujarat,2022,93.9550353795957,81.5817508812954,17.99,20913,76.62471445690848,24.08,203682,69494,80215
Gujarat,2023,91.32887154454569,85.30883518837418,14.74,26540,86.8354272830543,17.84,304458,71886,68413
Gujarat,2024,96.20296212602723,93.02775079652251,6.34,24592,89.67993196311777,25.93,395897,65479,34963
Uttar Pradesh,2010,61.870793305307224,82.24344677373271,16.86,8550,94.9490728761857,16.83,287326,27144,39214
Uttar Pradesh,2011,62.66947025023481,82.08859140519351,17.72,9147,77.90987636404424,16.91,364879,43434,84724
Uttar Pradesh,2012,63.71137340672654,88.96813552686258,10.97,9863,97.66838531253039,26.44,368577,46668,38061
Uttar Pradesh,2013,63.06084912302699,81.6111601531927,18.19,11017,87.33888386058511,20.07,262428,33624,38321
Uttar Pradesh,2014,65.33992288351415,88.82798472088872,10.58,10779,83.1008638321071,27.47,300334,62796,19432
Uttar Pradesh,2015,65.33975061531012,91.89005046893443,7.91,13669,88.81984273976612,17.41,261317,18717,43699
Uttar Pradesh,2016,66.59946825175605,87.07464737629036,13.06,14689,84.10482362514387,10.73,392999,15126,20122
Uttar Pradesh,2017,69.76888643307595,87.65755348493875,12.32,14657,95.43259473213064,20.65,316926,56271,88688
Uttar Pradesh,2018,70.62724621667377,82.82125051529961,17.27,15708,84.530909120666,26.81,287301,66793,62915
Uttar Pradesh,2019,67.62720199058548,84.80494239977288,14.86,16036,107.48518055153247,19.59,287443,36069,27910
Uttar Pradesh,2020,72.20437082779627,87.05585895735808,13.53,14443,80.35245293984458,15.68,344053,64553,63447
Uttar Pradesh,2021,71.00414956193033,84.75191333172262,14.66,21646,77.91672765833334,12.04,266421,11605,86158
Uttar Pradesh,2022,71.5564501487628,93.00378014854337,7.24,15288,99.74340701924618,26.12,366727,37446,28046
Uttar Pradesh,2023,68.97776887878288,80.86094554647998,19.73,21392,102.85676530778575,10.11,281189,23234,68441
Uttar Pradesh,2024,74.53455105537157,88.81045404637445,11.43,18294,89.66931292596334,25.39,287541,40105,57101
Rajasthan,2010,77.6230165261679,90.50873788646759,9.39,10394,100.05371748796172,28.64,255292,57362,35128
Rajasthan,2011,78.49420037407097,86.54585147666852,13.19,11278,92.01515908878923,20.98,189809,15287,49387
Rajasthan,2012,78.37106312665959,90.73804382552312,9.78,12458,95.06851181708284,18.24,374861,52078,27219
Rajasthan,2013,81.1214853995967,81.14851253736916,18.14,13428,129.45993301778137,28.77,234555,15415,51159
Rajasthan,2014,81.8251915817599,92.14493786981018,7.37,12785,93.27477755620966,13.27,236740,25524,34282
Rajasthan,2015,82.88760250805328,87.65122111725414,12.15,14149,105.92611445954648,27.54,365128,53303,74207
Rajasthan,2016,82.87033286069061,86.268826878756,14.35,15337,110.51239766806034,20.05,300168,77728,49016
Rajasthan,2017,83.21488684359048,88.16988381802045,12.02,14220,90.69541722968637,14.58,161302,77506,56157
Rajasthan,2018,87.04353157931409,88.93597712074488,10.58,16269,103.87844051466321,22.4,209379,35053,24446
Rajasthan,2019,85.54983943026328,94.81484614730755,5.03,19634,99.69240665996391,24.14,182154,12336,82779
Rajasthan,2020,87.10941421010128,91.13283842795185,8.56,21531,108.74849351390696,12.21,221907,74435,55631
Rajasthan,2021,87.35048647219469,87.74510550388322,11.9,19639,97.7234431854587,18.18,284828,30609,31478
Rajasthan,2022,89.0460094239964,88.96944477927839,11.52,22409,108.254293309945,29.18,390487,22999,70318
Rajasthan,2023,88.21698257866622,93.52412843536824,5.79,18289,103.43598601067339,21.72,275885,27368,30328
Rajasthan,2024,83.87332854006438,93.88439042786719,6.92,26528,118.37153209934604,28.45,254263,10126,67329
Kerala,2010,79.82857635587685,81.97411484509232,18.44,12493,65.75457901874219,28.21,184560,32116,51244
Kerala,2011,79.66058127199581,83.33543083530185,17.21,13579,41.655593085741934,14.55,344446,78244,26694
Kerala,2012,79.92861211797845,84.79853024398737,14.97,14617,37.226269579647244,10.09,163224,50738,40150
Kerala,2013,81.996739455957,92.87502964046045,7.05,15931,33.273333279416256,28.37,287855,51914,85507
Kerala,2014,83.64399368004044,83.00342409273765,16.28,16110,27.082088759040044,13.31,169956,56240,52148
Kerala,2015,84.3399681920233,89.2176687964666,10.52,15039,46.491312567369725,29.22,330912,62853,39917
Kerala,2016,82.94850297478835,95.19682742382157,5.05,17602,61.116367572881764,21.91,323021,12482,39442
Kerala,2017,87.04178466160025,85.88803153089069,14.76,18287,40.992710317402974,26.73,370178,28449,48536
Kerala,2018,86.93702214439973,86.24642159159878,13.2,19429,72.966778792517,18.82,176737,21485,53565
Kerala,2019,89.2059719926932,81.35724703150737,18.46,19099,54.301226337788606,15.45,281026,62603,41399
Kerala,2020,89.42062526561693,89.80435038988374,10.12,17682,55.674731668080476,14.44,393671,40678,78230
Kerala,2021,84.7453614303769,80.86210539890376,18.44,24152,54.93395534492075,14.76,214929,44911,46821
Kerala,2022,90.42169423367112,92.39567462087919,7.9,26579,41.5751565011858,28.89,277157,76358,32327
Kerala,2023,85.68188238355083,89.1380048341287,10.5,25689,52.70887581520455,24.08,323952,33236,30358
Kerala,2024,90.20432640574033,88.75230482441148,11.15,22120,62.69546409799062,22.48,359829,11279,78197
West Bengal,2010,68.55531424590896,91.47402531404407,8.3,18332,68.07121634820096,19.42,318671,61920,43529
West Bengal,2011,68.90366485707823,83.63533074714016,15.97,19211,66.09230447667956,22.67,210774,33752,70029
West Bengal,2012,70.20882040689105,86.32647750725972,13.67,19518,68.52565005866141,23.66,206133,71268,53243
West Bengal,2013,72.16634418749496,80.90219521071599,18.99,20683,68.80734000756482,19.95,359483,11622,63756
West Bengal,2014,70.7853683031536,81.86407105886066,17.95,22852,67.35927746676036,22.01,197924,69052,26664
West Bengal,2015,73.79686385495825,85.38576918915983,14.25,22649,70.69765999418276,10.94,251371,48709,76120
West Bengal,2016,72.15209926847385,89.20976233539147,10.95,22363,54.21968692539676,17.11,372320,34762,26046
West Bengal,2017,74.70632102120354,95.06680863424614,5.76,23776,56.469121781306,29.08,375685,31792,74129
West Bengal,2018,72.68173778002567,83.99994361641957,16.07,25665,63.84334164286893,21.94,216017,57304,47921
West Bengal,2019,77.17790581000347,85.66805910745556,14.83,25047,63.546820985332246,18.26,281132,65337,28350
West Bengal,2020,74.52205091103166,80.47488903742327,18.83,23349,58.56326039935231,26.15,156960,45772,36520
West Bengal,2021,81.6158563517547,86.76888071964689,13.31,25258,55.4032386579041,20.84,240327,10338,86431
West Bengal,2022,80.52000911292639,90.84131584051447,8.61,30415,62.47133902539431,28.07,227454,37935,52641
West Bengal,2023,81.17089136808377,94.25153753623404,5.01,29890,65.27638585490156,19.46,363382,54813,52198
West Bengal,2024,83.45869940795123,84.09031429627048,15.54,34391,77.95489488891279,26.89,187265,27850,81150
Madhya Pradesh,2010,61.654249614946465,81.74594966720679,18.85,15155,67.5190264043535,16.8,301734,33510,55998
Madhya Pradesh,2011,61.470115677105454,88.56500791433483,11.91,16208,84.1359859524849,27.72,229273,62393,81081
Madhya Pradesh,2012,61.286976156958985,93.2415023610272,6.88,16895,44.501702637397706,28.78,219346,49974,31371
Madhya Pradesh,2013,62.333267419438364,80.56364972005504,18.67,16734,93.90620676737325,15.43,291688,60072,39574
Madhya Pradesh,2014,64.23014025329144,90.96185967430604,8.94,17823,57.92860828228331,12.21,183933,34951,47413
Madhya Pradesh,2015,65.9281205368947,90.88085000445088,9.27,19717,68.94075455333368,10.9,285566,53001,82364
Madhya Pradesh,2016,66.75142454255248,81.4277681147893,18.66,19909,61.74068361523837,27.58,278301,39757,49636
Madhya Pradesh,2017,69.44189394077493,90.22810320825964,8.85,18973,74.75369098757608,14.61,214754,44157,55042
Madhya Pradesh,2018,65.88567382421478,82.86484107599007,16.69,20199,67.83357450381035,25.59,268533,60948,88781
Madhya Pradesh,2019,71.5463984977058,93.22796111792564,6.74,25500,82.83689198104172,23.92,262855,34578,43831
Madhya Pradesh,2020,68.79075233264997,89.6081454547586,10.66,25390,60.459587935672126,10.7,252979,44701,32674
Madhya Pradesh,2021,73.06479964289713,82.88193608945004,16.02,21652,73.013047257461,23.1,214772,68762,65106
Madhya Pradesh,2022,68.82788342786586,83.70893801226008,16.21,21197,64.91241310410338,23.91,220831,51873,24903
Madhya Pradesh,2023,74.0850992055624,81.21152438493948,18.86,29401,27.29788460600722,21.85,300201,11591,26303
Madhya Pradesh,2024,75.08762466736187,88.9148059942581,11.51,24772,50.866096803415935,27.57,157314,29623,82675
